Nombre,Marca,Categoría,Especie,Formato,Precio,Precio anterior,Descripción breve,Descripción larga,Ingredientes,Imagen,Destacado,Nuevo
OWNAT CLÁSICO CUIDADO DIARIO (GATO),Ownat,pienso-gatos,gato,"1,5 kg; 4 kg; 15 kg",6.31 €; 13.27 €; 44.81€,,"Alimento para gatos, completo y equilibrado, con un excelente sabor gracias a la incorporación de carne fresca.","Alimento para gatos, completo y equilibrado, con un excelente sabor gracias a la incorporación de carne fresca. Diseñado para cubrir todas las necesidades nutricionales de un gato adulto con un nivel de actividad normal, sea cual sea su raza y tamaño.","Carnes 36% (carnes deshidratadas 26%, pollo fresco* 10% antes de la extrusión), maíz* (20%), grasa de pollo, trigo* (9%), cebada* (7%), guisantes* (5%), arroz* (5%), proteínas de maíz, levadura de cerveza inactivada* (1,5%), proteína hidrolizada de pollo, pescado deshidratado, manzana* (1%), aceite de salmón, pulpa de remolacha seca, fructo y manano oligosacáridos, plantas aromáticas 0,02% (hinojo*, flor de manzanilla*, anís verde*), yucca schidigera. *INGREDIENTES NATURALES",https://www.ownat.com/cdnassets/Daily-Care-1328x1500px_l.webp,,
OWNAT CLÁSICO ESTERILIZADO (GATO),Ownat,pienso-gatos,gato,"1,5 kg; 4 kg; 15 kg",6.69 €; 14.61€; 45.44€,,Alimento para gatos. Los gatos esterilizados tienen tendencia al sobrepeso.,"Alimento para gatos. Los gatos esterilizados tienen tendencia al sobrepeso. Por ello nuestra dieta contiene una elevada cantidad en fibras y proteína, favoreciendo la saciedad y el mantenimiento de la masa muscular y un moderado nivel de grasas para asegurar el peso ideal del gato.","Carnes 36% (carnes deshidratadas 26%, pollo fresco* 10% antes de la extrusión), cebada* (10%), guisantes* (9%), maíz* (9%), grasa de pollo, proteína de maíz, trigo* (7%), proteína de salmón hidrolizada (5%), arroz* (2%), levadura de cerveza inactivada* (2%), proteína hidrolizada de pollo, manzana* (1%), aceite de salmón, pulpa de remolacha seca, fructo y manano oligosacáridos, plantas aromáticas 0,02% (hinojo*, flor de manzanilla*, anís verde*), yucca schidigera. *INGREDIENTES NATURALES",https://www.ownat.com/cdnassets/Sterilized-1328x1500px_l.webp,,
OWNAT CLÁSICO GATITO (GATO),Ownat,pienso-gatos,gato,"1,5 kg; 4 kg",7.15 €; 16.22€,,"Alimento para gatos. Indicado para gatitos de 1 a 12 meses, esta formulado con altos niveles calóricos y proteicos para dar respuesta a los elevados requerimientos de su organismo en desarrollo.","Alimento para gatos. Indicado para gatitos de 1 a 12 meses, esta formulado con altos niveles calóricos y proteicos para dar respuesta a los elevados requerimientos de su organismo en desarrollo. Con una especial atención a la seguridad digestiva gracias a las proteínas de la carne fresca y a los fructo y manano oligosacáridos que favorecen el equilibrio intestinal.","Carnes 38% (carnes deshidratadas 28%, pollo fresco* 10% antes de la extrusión), arroz* (15%), grasa de pollo, cebada* (9%), maíz* (7%), proteína de maíz, guisantes* (4%), pescado deshidratado, levadura de cerveza inactivada* (1,5%), proteína hidrolizada de pollo, huevo entero deshidratado* (1%), manzana* (1%), aceite de salmón, pulpa de remolacha seca, fructo y manano oligosacáridos, plantas aromáticas 0,02% (hinojo*, flor de manzanilla*, anís verde*), yucca schidigera.",https://www.ownat.com/cdnassets/Kitten-1328x1500px_l.webp,,
OWNAT CLÁSICO PESCADO (GATO),Ownat,pienso-gatos,gato,"1,5 kg; 4 kg",6.32€; 13.93€,,"Elaborado con pescado fresco, contiene cantidades adicionales de ácidos grasos omega-3 y omega-6 que ayudan a mantener una piel sana y un pelaje sedoso y brillante. Para gatos adultos de todas las razas.","Elaborado con pescado fresco, contiene cantidades adicionales de ácidos grasos omega-3 y omega-6 que ayudan a mantener una piel sana y un pelaje sedoso y brillante. Para gatos adultos de todas las razas.","Carnes deshidratadas 22%, pescado 15% (pescado fresco* 10% antes de la extrusión, pescado deshidratado 5%), trigo* (15%), grasa de pollo, cebada* (9%), maíz* (9%), arroz* (6%), guisantes* (3%), proteína de maíz, levadura de cerveza inactivada* (2%), proteína de pollo hidrolizada, manzana* (1%), aceite de salmón, pulpa de remolacha deshidratada, fructooligosacáridos y manano-oligosacáridos, hierbas aromáticas 0,02% (hinojo*, flor de manzanilla*, anís verde*), yucca schidigera. *INGREDIENTES NATURALES",https://www.ownat.com/cdnassets/Fish-cat-1328x1500px_l.webp,,
OWNAT CLÁSICO BOLAS DE PELO (GATO),Ownat,pienso-gatos,gato,"1,5 kg; 4 kg",6.19€; 13.64€,,"Comida para gatos. Su formulación incorpora extracto de malta y fibras vegetales que limitan la pérdida de pelo y favorecen la evacuación del que ha sido ingerido, de modo que se previene la formación de las perjudiciales “bolas de pelo”.","Comida para gatos. Su formulación incorpora extracto de malta y fibras vegetales que limitan la pérdida de pelo y favorecen la evacuación del que ha sido ingerido, de modo que se previene la formación de las perjudiciales “bolas de pelo”.","Carnes 37% (carnes deshidratadas 27%, pollo fresco* 10% antes de la extrusión), trigo* (19%), grasa de pollo, maíz* (8%), guisantes* (7%), cebada* (5%), arroz* (5%), proteína de maíz, levadura de cerveza inactivada* (1,5%), pulpa de remolacha seca, proteína hidrolizada de pollo, pescado deshidratado, manzana* (1%), aceite de salmón, extracto de malta, fructo y manano oligosacáridos, plantas aromáticas 0,02% (hinojo*, flor de manzanilla*, anís verde*), yucca schidigera. *INGREDIENTES NATURALES",https://www.ownat.com/cdnassets/Hairball-1328x1500px_l.webp,,
OWNAT CLÁSICO LIGHT (GATO),Ownat,pienso-gatos,gato,"1,5 kg; 4 kg",6.10€: 13.30€,,"Alimento para gatos, especialmente formulado para gatos con problemas de sobrepeso, con un bajo nivel de materias grasas para reducir las calorías. Nutricionalmente, esta condición se compensa con una elevada proporción simultánea de proteínas capaces de asegurar el correcto mantenimiento de la masa muscular del gato.","Alimento para gatos, especialmente formulado para gatos con problemas de sobrepeso, con un bajo nivel de materias grasas para reducir las calorías. Nutricionalmente, esta condición se compensa con una elevada proporción simultánea de proteínas capaces de asegurar el correcto mantenimiento de la masa muscular del gato.","Carnes 32% (carnes deshidratadas 22%, pollo fresco* 10% antes de la extrusión), trigo* (19%), maíz* (9%), guisantes* (8%), cebada* (7%), grasa de pollo, arroz* (5%), proteína de maíz, salvado de trigo* (4%), proteína hidrolizada de pollo, pulpa de remolacha seca, pescado deshidratado, manzana* (1%), aceite de salmón, levadura de cerveza inactivada* (0,5%), fructo y manano oligosacáridos, plantas aromáticas 0,02% (hinojo*, flor de manzanilla*, anís verde*), yucca schidigera. *INGREDIENTES NATURALES",https://www.ownat.com/cdnassets/Light-cat-1328x1500px_l.webp,,
OWNAT CARE CONTROL DE PESO (GATO),Ownat,pienso-gatos,gato,"1,5 kg; 3 kg",14.80€; 24.91€,,"Comida para gatos. Alimento indicado para la alimentación habitual de gatos adultos de todas las razas con tendencia al incremento de peso. Ofrece un contenido moderado de calorías para evitar la ganancia de peso e ingredientes funcionales para proteger las articulaciones. Tiene un elevado contenido de fibra, de efecto saciante y beneficiosa para el bienestar digestivo.","Comida para gatos. Alimento indicado para la alimentación habitual de gatos adultos de todas las razas con tendencia al incremento de peso. Ofrece un contenido moderado de calorías para evitar la ganancia de peso e ingredientes funcionales para proteger las articulaciones. Tiene un elevado contenido de fibra, de efecto saciante y beneficiosa para el bienestar digestivo.","Pavo fresco* (20 % mín. antes de la extrusión), pollo deshidratado (12 %), cerdo deshidratado (12 %), proteína de salmón hidrolizada (10 %), batata deshidratada* (8 %), guisantes* (8 %), lignocelulosa, arroz* (7 %), salvado de trigo*, salmón deshidratado (3 %), pulpa de remolacha seca, grasa avícola (preservada con antioxidantes naturales), proteína de pollo hidrolizada, levadura de cerveza inactivada* (1 %), manzana* (1 %), sal gema*, raíces de achicoria (FOS)* (2 g/kg), productos de levaduras (MOS) (2 g/kg), malta, glucosamina (1.000 mg/kg), algas marinas deshidratadas* (Ascophyllum nodosum) (500 mg/kg), condroitín sulfato (250 mg/kg), yucca shidigera, arándanos* (100 mg/kg), raíces de harpagofito* (100 mg/kg), cúrcuma* (100 mg/kg), flor de manzanilla* (100 mg/kg), equinácea* (100 mg/kg), té verde* (100 mg/kg). *INGREDIENTES NATURALES",https://www.ownat.com/cdnassets/Gama/Care/Weight-Control/CARE-WEIGHT-CONTROL-CAT-FRONT.webp,,
OWNAT CARE URINARIO (GATO),Ownat,pienso-gatos,gato,"1,5 kg; 3 kg",14.67€; 24.79€,,"Comida para gatos. Es un alimento indicado para gatos de cualquier raza en fase adulta sensibles a afectaciones del tracto urinario. Su formulación incorpora plantas aromáticas (diente de león) que favorecen la diuresis y, juntamente con los arándanos y un contenido controlado de minerales, contribuye a mantener en óptimo estado las vías urinarias del gato.","Comida para gatos. Es un alimento indicado para gatos de cualquier raza en fase adulta sensibles a afectaciones del tracto urinario. Su formulación incorpora plantas aromáticas (diente de león) que favorecen la diuresis y, juntamente con los arándanos y un contenido controlado de minerales, contribuye a mantener en óptimo estado las vías urinarias del gato.","Pollo fresco* (30 % mín. antes de la extrusión), arroz* (14 %), cerdo deshidratado, salmón deshidratado (10 %), raíces de mandioca*, guisantes* (6 %), proteína de salmón hidrolizada (6 %), patata deshidratada*, grasa avícola (preservada con antioxidantes naturales), pulpa de remolacha seca, proteína de pollo hidrolizada, aceite de salmón (preservado con antioxidantes naturales) (1 %), levadura de cerveza inactivada*, manzana* (1 %), sal gema*, fructo y manano oligosacáridos, algas marinas deshidratadas* (Ascophyllum nodosum) (500 mg/kg), yucca shidigera, arándanos* (200 mg/kg), diente de león* (100 mg/kg), flor de manzanilla* (100 mg/kg), equinácea* (100 mg/kg), té verde* (100 mg/kg).",https://www.ownat.com/cdnassets/OWNAT_CARE_URINARY_FRONT_l.png,,
OWNAT CARE RENAL (GATO),Ownat,pienso-gatos,gato,"1,5 kg; 3 kg",14.39€; 24.30€,,"Comida para gatos. Es un alimento indicado para gatos de cualquier raza en fase adulta sensibles a afectaciones del riñón. Incorpora un contenido controlado de minerales y proteínas para facilitar la función renal, así como plantas aromáticas (harpagofito y cúrcuma) que ayudan a la respuesta inflamatoria.","Comida para gatos. Es un alimento indicado para gatos de cualquier raza en fase adulta sensibles a afectaciones del riñón. Incorpora un contenido controlado de minerales y proteínas para facilitar la función renal, así como plantas aromáticas (harpagofito y cúrcuma) que ayudan a la respuesta inflamatoria.","Pollo fresco* (30 % mín. antes de la extrusión), raíces de mandioca* (12 %), patata deshidratada* (12 %), grasa avícola (preservada con antioxidantes naturales), arroz* (8 %), proteína de salmón hidrolizada (7 %), salmón deshidratado (7 %), cerdo deshidratado, guisantes* (2 %), proteína de pollo hidrolizada, pulpa de remolacha seca, aceite de salmón (preservado con antioxidantes naturales) (1 %), levadura de cerveza inactivada* (1 %), manzana* (1 %), sal gema*, fructo y manano oligosacáridos, algas marinas deshidratadas* (Ascophyllum nodosum) (500 mg/kg), yucca shidigera, raíces de harpagofito* (100 mg/kg), cúrcuma* (100 mg/kg), flor de manzanilla* (100 mg/kg), equinácea* (100 mg/kg), té verde* (100 mg/kg).",https://www.ownat.com/cdnassets/3D_OWNAT_CARE_RENAL_FRONT_NEW_l.png,,
OWNAT CARE HIPOALERGÉNICO (GATO),Ownat,pienso-gatos,gato,"1,5 kg; 3 kg",14.62€; 24.71€,,"Comida para gatos. OWNAT CARE HYPOALLERGENIC es un alimento de alta gama especialmente elaborado con pescado como única fuente de proteína animal y libre de cereales. Supone una alternativa excelente para discriminar alergias e intolerancias. Además, el pescado incorpora unos niveles óptimos de ácidos grasos esenciales muy importantes para poder mantener una piel sana y un pelo sedoso y brillante.","Comida para gatos. OWNAT CARE HYPOALLERGENIC es un alimento de alta gama especialmente elaborado con pescado como única fuente de proteína animal y libre de cereales. Supone una alternativa excelente para discriminar alergias e intolerancias. Además, el pescado incorpora unos niveles óptimos de ácidos grasos esenciales muy importantes para poder mantener una piel sana y un pelo sedoso y brillante.","Pescado azul fresco* (min. 30% antes de la extrusión), patata deshidratada* (22%), pescado deshidratado (20%), proteína de salmón hidrolizada (10%), raíces de mandioca*, grasa avícola (preservada con antioxidantes naturales), pulpa de remolacha seca, levadura de cerveza inactivada*, proteína vegetal hidrolizada, manzana* (1%), aceite de salmón (preservado con antioxidantes naturales) (0,5%), sal gema*, fructo y manano oligosacáridos, algas marinas deshidratadas (Ascophyllum nodosum)* (500 mg/kg), yucca schidigera, arándanos* (100 mg/kg), cúrcuma* (100 mg/kg), flor de manzanilla* (100 mg/kg), equinácea* (100 mg/kg), té verde* (100 mg/kg). *INGREDIENTES NATURALES",https://www.ownat.com/cdnassets/ow-care-hypoallergenic-saco-front_l.jpg,,
OWNAT ULTRA CACHORRO (GATO),Ownat,pienso-gatos,gato,"1,5 kg; 3 kg",12.40€; 22.41€,,"Comida para gatos.Indicado para cubrir las necesidades nuticionales de los gatitos hasta 12 meses. Con un 30 % de carne de pollo y pavo, ofrece un aporte de proteínas elevado para garantizar su óptimo crecimiento. Contiene aceite de salmón como fuente de ácidos grasos omega-3 (DHA) para ayudar al desarrollo cerebral y promover una visión saludable.","Comida para gatos.Indicado para cubrir las necesidades nuticionales de los gatitos hasta 12 meses. Con un 30 % de carne de pollo y pavo, ofrece un aporte de proteínas elevado para garantizar su óptimo crecimiento. Contiene aceite de salmón como fuente de ácidos grasos omega-3 (DHA) para ayudar al desarrollo cerebral y promover una visión saludable.","Pollo fresco* (15 % mín. antes de la cocción), pavo fresco* (15 % mín. antes de la cocción), hidrolizado de salmón (12 %), trigo* (12 %), pollo deshidratado (10 %), grasa avícola (preservada con antioxidantes naturales), arroz* (6 %), proteína de trigo, raíces de mandioca* (4 %), cerdo deshidratado (3 %), proteína de maíz, verduras y frutas frescas antes de la cocción (manzana* 1 %, zanahoria* 0,5 %, calabaza* 0,5 %), salmón deshidratado (2 %), proteína hidrolizada de pollo, levaduras (nucleótidos)* (1 %), huevo deshidratado* (1 %), aceite de salmón (preservado con antioxidantes naturales), lignocelulosa, sal gema*, raíces de achicoria (FOS)*, productos de levaduras (MOS), algas marinas deshidratadas* (500 mg/kg), glucosamina (500 mg/kg), yucca shidigera, condroitín sulfato (100 mg/kg), arándanos* (100 mg/kg), té verde* (80 mg/kg), equinácea* (80 mg/kg), flor de manzanilla* (80 mg/kg), hinojo* (80 mg/kg).",https://www.ownat.com/cdnassets/Gama/ULTRA-CAT/FRONTAL-BONS/ULTRA-CAT-KITTEN_3KG_FRONTAL.webp,,
OWNAT ULTRA CACHORRO ESTERILIZADO (GATO),Ownat,pienso-gatos,gato,"1,5 kg; 3 kg",12.81€; 23.18€,,"Comida para gatos. Indicado para gatitos esterilizados de hasta 12 meses. Con un 30 % de carne fresca de pollo y pavo, ofrece un aporte de proteínas elevado con un bajo valor calórico, que garantizan su óptimo crecimiento evitando el sobrepeso. Contiene aceite de salmón como fuente de ácidos grasos omega-3 (DHA) para ayudar al desarrollo cerebral y promover una visión saludable.","Comida para gatos. Indicado para gatitos esterilizados de hasta 12 meses. Con un 30 % de carne fresca de pollo y pavo, ofrece un aporte de proteínas elevado con un bajo valor calórico, que garantizan su óptimo crecimiento evitando el sobrepeso. Contiene aceite de salmón como fuente de ácidos grasos omega-3 (DHA) para ayudar al desarrollo cerebral y promover una visión saludable.","Pollo fresco* (15 % mín. antes de la cocción), pavo fresco* (15 % mín. antes de la cocción), hidrolizado de salmón (12 %), trigo* (12 %), pollo deshidratado (9 %), grasa avícola (preservada con antioxidantes naturales), proteína de trigo, proteína de maíz, raíces de mandioca* (4 %), cerdo deshidratado (4 %), arroz* (4 %), lignocelulosa, verduras y frutas frescas antes de la cocción (manzana* 1 %, zanahoria* 0,5 %, calabaza* 0,5 %), salmón deshidratado (2 %), proteína hidrolizada de pollo, aceite de salmón (preservado con antioxidantes naturales), levaduras (nucleótidos)* (1 %), huevo deshidratado* (1 %), pulpa de remolacha, sal gema*, raíces de achicoria (FOS)*, productos de levaduras (MOS), alfalfa deshidratada*, algas marinas deshidratadas* (500 mg/kg), glucosamina (500 mg/kg), yucca shidigera, condroitín sulfato (100 mg/kg), arándanos* (100 mg/kg), té verde* (80 mg/kg), equinácea* (80 mg/kg), flor de manzanilla* (80 mg/kg), hinojo* (80 mg/kg).",https://www.ownat.com/cdnassets/Gama/ULTRA-CAT/FRONTAL-BONS/ULTRA-CAT-KITTEN-STERILIZED_3KG_FRONTAL.webp,,
OWNAT ULTRA JOVEN (GATO),Ownat,pienso-gatos,gato,"1,5 kg; 3 kg; 8kg",11.48€; 20.92€; 43.90€,,"Comida para gatos. Alimento completo y equilibrado para gatos hasta 6 años y durante la etapa de cría. Con un excelente sabor gracias a su elaboración con un 30 % de carne fresca de pollo y pavo, está diseñado para cubrir todas las necesidades nutricionales de un gato adulto con un nivel de actividad normal, sea cual sea su raza y tamaño.","Comida para gatos. Alimento completo y equilibrado para gatos hasta 6 años y durante la etapa de cría. Con un excelente sabor gracias a su elaboración con un 30 % de carne fresca de pollo y pavo, está diseñado para cubrir todas las necesidades nutricionales de un gato adulto con un nivel de actividad normal, sea cual sea su raza y tamaño.","Pollo fresco* (15 % mín. antes de la cocción), pavo fresco* (15 % mín. antes de la cocción), trigo* (12 %), pollo deshidratado (10 %), grasa avícola (preservada con antioxidantes naturales), proteína de salmón hidrolizada (8 %), arroz* (7 %), proteína de trigo, raíces de mandioca* (4 %), cerdo deshidratado (3 %), proteína de maíz, verduras y frutas frescas antes de la cocción (manzana* 1 %, zanahoria* 0,5 %, brócoli* 0,5 %), levadura de cerveza inactivada* (2 %), salmón deshidratado (2 %), proteína de pollo hidrolizada, lignocelulosa, aceite de salmón (preservado con antioxidantes naturales), pulpa de remolacha seca, sal gema*, raíces de achicoria (FOS)*, productos de levaduras (MOS), algas marinas deshidratadas* (500 mg/kg), glucosamina (500 mg/kg), yucca shidigera, condroitín sulfato (100 mg/kg), arándanos* (100 mg/kg), té verde* (80 mg/kg), equinácea* (80 mg/kg), flor de manzanilla* (80 mg/kg), hinojo* (80 mg/kg).*INGREDIENTES NATURALES",https://www.ownat.com/cdnassets/Gama/ULTRA-CAT/FRONTAL-BONS/ULTRA-CAT-YOUNG_3KG_FRONTAL.webp,,
OWNAT ULTRA JOVEN ESTERILIZADO (GATO),Ownat,pienso-gatos,gato,"1,5 kg; 3 kg; 8 kg",11.62€; 21.09€; 44.54€,,"Comida para gatos. Alimento completo y equilibrado para gatos esterilizados de hasta 6 años. Elaborado con un 30 % de carne fresca de pollo y pavo, con un aporte reducido de materia grasa y un alto contenido de fibra con efecto saciante, ayuda a mantener el peso óptimo del gato.","Comida para gatos. Alimento completo y equilibrado para gatos esterilizados de hasta 6 años. Elaborado con un 30 % de carne fresca de pollo y pavo, con un aporte reducido de materia grasa y un alto contenido de fibra con efecto saciante, ayuda a mantener el peso óptimo del gato.","Pollo fresco* (15 % mín. antes de la cocción), pavo fresco* (15 % mín. antes de la cocción), pollo deshidratado (14 %), trigo* (13 %), proteína de salmón hidrolizada (8 %), arroz* (4 %), raíces de mandioca* (4 %), proteína de trigo, proteína de maíz, lignocelulosa, grasa avícola (preservada con antioxidantes naturales), cerdo deshidratado (3 %), verduras y frutas frescas antes de la cocción (manzana* 1 %, zanahoria* 0,5 %, brócoli* 0,5 %), levadura de cerveza inactivada* (2 %), salmón deshidratado (2 %), proteína de pollo hidrolizada, pulpa de remolacha seca, aceite de salmón (preservado con antioxidantes naturales), sal gema*, raíces de achicoria (FOS)*, productos de levaduras (MOS), algas marinas deshidratadas* (500 mg/kg), glucosamina (500 mg/kg), yucca shidigera, condroitín sulfato (100 mg/kg), arándanos* (100 mg/kg), té verde* (80 mg/kg), equinácea* (80 mg/kg), flor de manzanilla* (80 mg/kg), hinojo* (80 mg/kg). *INGREDIENTES NATURALES",https://www.ownat.com/cdnassets/Gama/ULTRA-CAT/FRONTAL-BONS/ULTRA-CAT-YOUNG-STERILIZED_3KG_FRONTAL.webp,,
OWNAT ULTRA JOVEN ESTERILIZADO PESCADO (GATO),Ownat,pienso-gatos,gato,"1,5 kg; 3 kg",12.23€; 21.69€,,"Comida para gatos. Especialmente formulado para satisfacer las necesidades nutricionales de los gatos esterilizados de hasta 6 años con un paladar exigente. Incorpora un 30 % de pescado fresco, que aporta proteínas de la máxima calidad y un sabor excepcional. Rico en fibras con un gran poder saciante que le ayuda a mantener su peso óptimo.","Comida para gatos. Especialmente formulado para satisfacer las necesidades nutricionales de los gatos esterilizados de hasta 6 años con un paladar exigente. Incorpora un 30 % de pescado fresco, que aporta proteínas de la máxima calidad y un sabor excepcional. Rico en fibras con un gran poder saciante que le ayuda a mantener su peso óptimo.","Pescado azul fresco* (30 % mín. antes de la cocción), pollo deshidratado (12 %), trigo* (11 %), hidrolizado de salmón (10 %), proteína de maíz, raíces de mandioca* (4 %), arroz* (4 %), proteína de trigo, lignocelulosa, grasa avícola (preservada con antioxidantes naturales), salmón deshidratado (3 %), cerdo deshidratado (3 %), verduras y frutas frescas antes de la cocción (manzana* 1 %, zanahoria* 0,5 %, brócoli* 0,5 %), levadura de cerveza inactivada* (2 %), proteína de pollo hidrolizada, pulpa de remolacha, aceite de salmón (preservado con antioxidantes naturales), alfalfa deshidratada*, sal gema*, raíces de achicoria (FOS)*, productos de levaduras (MOS), algas marinas deshidratadas* (500 mg/kg), glucosamina (500 mg/kg), yucca shidigera, condroitín sulfato (100 mg/kg), arándanos* (100 mg/kg), té verde* (80 mg/kg), equinácea* (80 mg/kg), flor de manzanilla* (80 mg/kg), hinojo* (80 mg/kg). *INGREDIENTES NATURALES",https://www.ownat.com/cdnassets/Gama/ULTRA-CAT/FRONTAL-BONS/ULTRA-CAT-YOUNG-STERILIZD-FISH_3KG_FRONTAL.webp,,
OWNAT ULTRA MADURO (GATO),Ownat,pienso-gatos,gato,"1,5 kg; 3 kg; 8 kg",11.55€; 20.95€; 44.21€,,"Comida para gatos. Diseñado para cubrir todas las necesidades nutricionales de un gato adulto a partir de los 7 años, de cualquier raza con un nivel de actividad moderado o bajo. Su elaboración con un 30 % de carne fresca de pollo y pavo, así como otros ingredientes como el huevo, permiten una óptima digestión y una alta apetencia. Además, incorpora un contenido controlado en minerales necesario para mantener una buena salud del sistema renal.","Comida para gatos. Diseñado para cubrir todas las necesidades nutricionales de un gato adulto a partir de los 7 años, de cualquier raza con un nivel de actividad moderado o bajo. Su elaboración con un 30 % de carne fresca de pollo y pavo, así como otros ingredientes como el huevo, permiten una óptima digestión y una alta apetencia. Además, incorpora un contenido controlado en minerales necesario para mantener una buena salud del sistema renal.","Pollo fresco* (15 % mín. antes de la cocción), pavo fresco* (15 % mín. antes de la cocción), trigo* (10 %), pollo deshidratado (10 %), grasa avícola (preservada con antioxidantes naturales), proteína de salmón hidrolizada (8 %), arroz* (8 %), raíces de mandioca* (5 %), proteína de maíz, cerdo deshidratado (4 %), proteína de trigo, verduras y frutas frescas antes de la cocción (manzana* 1 %, zanahoria* 0,5 %, brócoli* 0,5 %), levadura de cerveza inactivada* (2 %), proteína de pollo hidrolizada , lignocelulosa, aceite de salmón (preservado con antioxidantes naturales), huevo deshidratado* (1 %), pulpa de remolacha seca, sal gema*, raíces de achicoria (FOS)*, productos de levaduras (MOS), algas marinas deshidratadas* (500 mg/kg), glucosamina (500 mg/kg), yucca shidigera, condroitín sulfato (100 mg/kg), arándanos* (100 mg/kg), té verde* (80 mg/kg), equinácea* (80 mg/kg), flor de manzanilla* (80 mg/kg), hinojo* (80 mg/kg).",https://www.ownat.com/cdnassets/Gama/ULTRA-CAT/FRONTAL-BONS/ULTRA-CAT-MATURE_3KG_FRONTAL.webp,,
OWNAT ULTRA MADURO ESTERILIZADO (GATO),Ownat,pienso-gatos,gato,"1,5 kg; 3 kg; 8 kg",11.71€; 21.23€; 44.84€,,"Comida para gatos. Especialmente formulado para satisfacer las necesidades nutricionales de los gatos adultos esterilizados a partir de los 7 años con un nivel de actividad moderado o bajo. Su elaboración con un 30 % de carne fresca de pollo y pavo, rico de fibra y con un moderado nivel de grasas, permite el mantenimiento del peso ideal y favorece a la vez su buena salud intestinal. Además, incorpora un contenido controlado en minerales necesario para mantener una buena salud del sistema renal.","Comida para gatos. Especialmente formulado para satisfacer las necesidades nutricionales de los gatos adultos esterilizados a partir de los 7 años con un nivel de actividad moderado o bajo. Su elaboración con un 30 % de carne fresca de pollo y pavo, rico de fibra y con un moderado nivel de grasas, permite el mantenimiento del peso ideal y favorece a la vez su buena salud intestinal. Además, incorpora un contenido controlado en minerales necesario para mantener una buena salud del sistema renal.","Pollo fresco* (15 % mín. antes de la cocción), pavo fresco* (15 % mín. antes de la cocción), trigo* (12 %), pollo deshidratado (10 %), proteína de salmón hidrolizada (8 %), cerdo deshidratado (8 %), arroz* (6 %), proteína de maíz, raíces de mandioca* (4 %), proteína de trigo, grasa avícola (preservada con antioxidantes naturales), lignocelulosa, verduras y frutas frescas antes de la cocción (manzana* 1 %, zanahoria* 0,5 %, brócoli* 0,5 %), levadura de cerveza inactivada* (2 %), proteína de pollo hidrolizada, pulpa de remolacha seca, aceite de salmón (preservado con antioxidantes naturales), huevo deshidratado* (1 %), sal gema*, raíces de achicoria (FOS)*, productos de levaduras (MOS), algas marinas deshidratadas* (500 mg/kg), glucosamina (500 mg/kg), yucca shidigera, condroitín sulfato (100 mg/kg), arándanos* (100 mg/kg), té verde* (80 mg/kg), equinácea* (80 mg/kg), flor de manzanilla* (80 mg/kg), hinojo* (80 mg/kg).",https://www.ownat.com/cdnassets/Gama/ULTRA-CAT/FRONTAL-BONS/ULTRA-CAT-MATURE-STERILIZED_3KG_FRONTAL.webp,,
OWNAT ULTRA MADURO ESTERILIZADO PESCADO (GATO),Ownat,pienso-gatos,gato,"1,5 kg; 3 kg",12.24€; 21.63€,,"Comida para gatos. Alimento formulado para satisfacer las necesidades nutricionales de los gatos esterilizados a partir de los 7 años, con un nivel de actividad moderado o bajo y con un paladar exigente. Incorpora un 30 % de pescado fresco, así como el huevo, que aporta proteínas de la máxima calidad y un sabor excepcional. Rico en fibra con un gran poder saciante que le ayuda a mantener su peso óptimo y favorece a la vez su buena salud intestinal.","Comida para gatos. Alimento formulado para satisfacer las necesidades nutricionales de los gatos esterilizados a partir de los 7 años, con un nivel de actividad moderado o bajo y con un paladar exigente. Incorpora un 30 % de pescado fresco, así como el huevo, que aporta proteínas de la máxima calidad y un sabor excepcional. Rico en fibra con un gran poder saciante que le ayuda a mantener su peso óptimo y favorece a la vez su buena salud intestinal.","Pescado azul fresco* (30 % mín. antes de la cocción), pollo deshidratado (10 %), trigo* (10 %), proteína de salmón hidrolizada (8 %), arroz* (6 %), cerdo deshidratado (5 %), raíces de mandioca* (4 %), proteína de maíz, grasa avícola (preservada con antioxidantes naturales), proteína de trigo, lignocelulosa, salmón deshidratado (3 %), verduras y frutas frescas antes de la cocción (manzana* 1 %, zanahoria* 0,5 %, brócoli* 0,5 %), levadura de cerveza inactivada* (2 %), proteína de pollo hidrolizada, pulpa de remolacha seca, aceite de salmón (preservado con antioxidantes naturales), huevo deshidratado* (1 %), sal gema*, raíces de achicoria (FOS)*, productos de levaduras (MOS), algas marinas deshidratadas* (500 mg/kg), glucosamina (500 mg/kg), yucca shidigera, condroitín sulfato (100 mg/kg), arándanos* (100 mg/kg), té verde* (80 mg/kg), equinácea* (80 mg/kg), flor de manzanilla* (80 mg/kg), hinojo* (80 mg/kg). *INGREDIENTES NATURALES",https://www.ownat.com/cdnassets/Gama/ULTRA-CAT/FRONTAL-BONS/ULTRA-CAT-MATURE-STERILIZED-FISH_3KG_FRONTAL.webp,,
OWNAT ULTRA SENIOR PESCADO (GATO),Ownat,pienso-gatos,gato,"1,5 kg; 3 kg",13.09€; 24.35€,,"Comida para gatos. Alimento completo y equilibrado especialmente indicado para gatos mayores de 12 años. Su elaboración con un 30 % de pescado fresco y un 12 % de salmón hidrolizado, así como su alto contenido de grasa y de proteínas de elevada calidad permiten facilitar la digestión, mantener la masa muscular y evitar la pérdida de peso; contenido moderado de fósforo y calcio para facilitar la función renal. Su sabor excepcional y un tamaño de croqueta reducido, ayuda a mantener la ingestión y satisfacer las necesidades nutricionales elevadas en esta etapa.","Comida para gatos. Alimento completo y equilibrado especialmente indicado para gatos mayores de 12 años. Su elaboración con un 30 % de pescado fresco y un 12 % de salmón hidrolizado, así como su alto contenido de grasa y de proteínas de elevada calidad permiten facilitar la digestión, mantener la masa muscular y evitar la pérdida de peso; contenido moderado de fósforo y calcio para facilitar la función renal. Su sabor excepcional y un tamaño de croqueta reducido, ayuda a mantener la ingestión y satisfacer las necesidades nutricionales elevadas en esta etapa.","Pescado azul fresco* (30 % mín. antes de la cocción), proteína de salmón hidrolizada (12 %), trigo* (9 %), grasa avícola (preservada con antioxidantes naturales), pollo deshidratado (6 %), cerdo deshidratado (5 %), proteína de trigo, proteína de maíz, arroz* (4 %), raíces de mandioca* (4 %), lignocelulosa, salmón deshidratado (3 %), verduras y frutas frescas antes de la cocción (manzana* 1 %, zanahoria* 0,5 %, brócoli* 0,5 %), proteína de pollo hidrolizada, levaduras (nucleótidos)* (1 %), huevo deshidratado* (1 %), aceite de salmón (preservado con antioxidantes naturales), pulpa de remolacha seca, sal gema*, raíces de achicoria (FOS)*, productos de levaduras (MOS), algas marinas deshidratadas* (500 mg/kg), glucosamina (500 mg/kg), yucca shidigera, condroitín sulfato (100 mg/kg), arándanos* (100 mg/kg), té verde* (80 mg/kg), equinácea* (80 mg/kg), flor de manzanilla* (80 mg/kg), hinojo* (80 mg/kg). *INGREDIENTES NATURALES",https://www.ownat.com/cdnassets/Gama/ULTRA-CAT/FRONTAL-BONS/ULTRA-CAT-AGEING-FISH_3KG_FRONTAL.webp,,
OWNAT GF JUST ADULTO POLLO (GATO),Ownat,pienso-gatos,gato,1 kg; 3 kg; 8 kg,7.94€; 19.42€; 40.55€,,"Alimento para gatos de todas las razas, completo. Con un alto nivel de proteínas, adecuado para el organismo carnívoro del gato, su composición proporciona todos los nutrientes necesarios para una alimentación equilibrada.","Alimento para gatos de todas las razas, completo. Con un alto nivel de proteínas, adecuado para el organismo carnívoro del gato, su composición proporciona todos los nutrientes necesarios para una alimentación equilibrada.","Pollo deshidratado (26%), pollo fresco* (min 12% antes de la extrusión), cerdo deshidratado (12%), guisantes* (12%), grasa avícola (preservada con antioxidantes naturales), proteína de salmón hidrolizada (8%), raíces de mandioca* (7%), patata deshidratada* (6%), pulpa de remolacha seca, proteína hidrolizada de pollo, levadura de cerveza inactivada* (1%), manzana* (1%), huevo deshidratado* (1%), aceite de salmón (preservado con antioxidantes naturales), semilla de lino* (0,5%), sal gema*, fructo y manano oligosacáridos, algas marinas deshidratadas* (500 mg/kg), glucosamina (500 mg/kg), yucca schidigera, condroitín sulfato (100 mg/kg), arándanos* (100 mg/kg), tomillo* (80 mg/kg), flor de manzanilla* (80 mg/kg), hinojo* (80 mg/kg), equináceas* (80 mg/kg), té verde* (80 mg/kg).",https://www.ownat.com/cdnassets/ow-just-grain-free-adult-chicken-cat-saco-front_l.jpg,,
OWNAT GF JUST ESTERILIZADO PESCADO (GATO),Ownat,pienso-gatos,gato,1 kg; 3 kg; 8 kg,8.17€; 20.05€; 41.82€,,"Comida para gatos. Especialmente formulado para satisfacer las necesidades nutricionales de los gatos adultos esterilizados y mantener su peso ideal. Contiene un 12% de pescado fresco, aportando proteínas de alta calidad, un sabor irresistible y un alto contenido en omega 3 que ayuda a mantener la piel sana y el pelo sedoso y brillante.","Comida para gatos. Especialmente formulado para satisfacer las necesidades nutricionales de los gatos adultos esterilizados y mantener su peso ideal. Contiene un 12% de pescado fresco, aportando proteínas de alta calidad, un sabor irresistible y un alto contenido en omega 3 que ayuda a mantener la piel sana y el pelo sedoso y brillante.","Pollo deshidratado (32%), pescado 27% (pescado fresco* mín. 12% antes de la extrusión, proteína de salmón hidrolizada 10% y salmón deshidratado 5%), guisantes* (10%), patata deshidratada* (9%), raíces de mandioca* (6%), grasa avícola (preservada con antioxidantes naturales), levadura de cerveza inactivada* (2%), proteína hidrolizada de pollo, pulpa de remolacha seca, manzana* (1%), aceite de salmón (preservado con antioxidantes naturales), sal gema*, fructo y manano oligosacáridos, algas marinas deshidratadas* (500 mg/kg), glucosamina (500 mg/kg), yucca schidigera, condroitín sulfato (100 mg/kg), arándanos* (100 mg/kg), tomillo* (80 mg/kg), flor de manzanilla* (80 mg/kg), hinojo* (80 mg/kg), equinácea* (80 mg/kg), té verde* (80 mg/kg).",https://www.ownat.com/cdnassets/ow-just-sterilized-fish-saco-front_l.jpg,,
OWNAT GF JUST ESTERILIZADO (GATO),Ownat,pienso-gatos,gato,1 kg; 3 kg; 8 kg,9.01€; 20.57€; 41.93€,,"Comida para gatos. Los gatos esterilizados presentan una tendencia natural al sobrepeso. Por ello nuestra formulación ayuda a mantener el peso ideal mediante un aporte reducido de materias grasas, incorporando al mismo tiempo, una elevada proporción de proteínas para asegurar el correcto mantenimiento fisiológico del gato.","Comida para gatos. Los gatos esterilizados presentan una tendencia natural al sobrepeso. Por ello nuestra formulación ayuda a mantener el peso ideal mediante un aporte reducido de materias grasas, incorporando al mismo tiempo, una elevada proporción de proteínas para asegurar el correcto mantenimiento fisiológico del gato.","Pollo deshidratado (28%), pollo fresco* (mín. 12% antes de la extrusión), guisantes* (12%), cerdo deshidratado (10%), proteína de salmón hidrolizada, patata deshidratada* (8%), grasa avícola (preservada con antioxidantes naturales), raíces de mandioca* (4%), levadura de cerveza inactivada* (2,5%), proteína hidrolizada de pollo, pulpa de remolacha seca, manzana* (1%), semilla de lino*, huevo deshidratado* (1%), aceite de salmón (preservado con antioxidantes naturales), sal gema*, fructo y manano oligosacáridos, algas marinas deshidratadas* (500 mg/kg), glucosamina (500 mg/kg), yucca schidigera, condroitín sulfato (100 mg/kg),arándanos* (100 mg/kg), tomillo* (80 mg/kg), flor de manzanilla* (80 mg/kg), hinojo* (80 mg/kg), equináceas* (80 mg/kg), té verde* (80 mg/kg).",https://www.ownat.com/cdnassets/ow-just-grain-free-sterilized-saco-front_l.jpg,,
OWNAT GF PRIME CACHORRO (GATO),Ownat,pienso-gatos,gato,1 kg; 3 kg,11.07€; 31.20€,,"Adecuado para gatitos de entre 2 y 12 meses. Contiene un 50% de carne fresca de pollo y pavo, aporta un alto contenido energético y es muy rico en proteínas de alta calidad, que garantizan un crecimiento óptimo y el correcto desarrollo del sistema inmunitario del gatito.","Adecuado para gatitos de entre 2 y 12 meses. Contiene un 50% de carne fresca de pollo y pavo, aporta un alto contenido energético y es muy rico en proteínas de alta calidad, que garantizan un crecimiento óptimo y el correcto desarrollo del sistema inmunitario del gatito.","Pollo fresco* (25 % mín. antes de la extrusión), pavo fresco* (25 % mín. antes de la extrusión), pollo deshidratado (11 %), guisantes* (8 %), grasa de ave (conservada con antioxidantes naturales), proteína de salmón hidrolizada, cerdo deshidratado (4 %), raíces de mandioca* (4 %), patata deshidratada* (4 %), pescado deshidratado (anchoa, jurel y caballa), huevo deshidratado* (2 %), proteína de pollo hidrolizada, levadura de cerveza inactivada* (1 %), manzana* (1 %), aceite de salmón (conservado con antioxidantes naturales), sal de roca*, fructo- y manano-oligosacáridos, algas marinas deshidratadas* (500 mg/kg), glucosamina (500 mg/kg), yucca shidigera, sulfato de condroitina (100 mg/kg), arándanos rojos* (100 mg/kg), tomillo* (80 mg/kg), flor de manzanilla* (80 mg/kg), hinojo* (80 mg/kg), equinácea* (80 mg/kg), té verde* (80 mg/kg). *INGREDIENTES NATURALES",https://www.ownat.com/cdnassets/ow-grain-free-prime-kitten-saco-front_l.jpg,,
OWNAT GF PRIME ADULTO POLLO Y PAVO (GATO),Ownat,pienso-gatos,gato,1 kg; 3 kg; 8 kg,9.71€; 27.30€; 54.64€,,"Diseñado para cubrir las necesidades nutricionales de cualquier raza de gato adulto con niveles normales de actividad. Elaborado con un 50% de carne fresca de pollo y pavo, aporta proteínas de alto valor biológico, facilita la digestión y resulta muy apetecible.","Diseñado para cubrir las necesidades nutricionales de cualquier raza de gato adulto con niveles normales de actividad. Elaborado con un 50% de carne fresca de pollo y pavo, aporta proteínas de alto valor biológico, facilita la digestión y resulta muy apetecible.","Pollo fresco* (25 % mín. antes de la extrusión), pavo fresco* (25 % mín. antes de la extrusión), pollo deshidratado (12 %), guisantes* (7 %), grasa de ave (conservada con antioxidantes naturales), cerdo deshidratado (6 %), raíces de yuca* (6 %), patata deshidratada* (4 %), pescado deshidratado (anchoa, jurel y caballa), huevo deshidratado* (1 %), levadura de cerveza inactivada* (1 %), proteína de pollo hidrolizada, manzana* (1 %), pulpa de remolacha deshidratada, aceite de salmón (conservado con antioxidantes naturales), sal de roca*, fructo- y manano-oligosacáridos, algas marinas deshidratadas* (500 mg/kg), glucosamina (500 mg/kg), yucca shidigera, sulfato de condroitina (100 mg/kg), arándanos rojos* (100 mg/kg), tomillo* (80 mg/kg), flor de manzanilla* (80 mg/kg), hinojo* (80 mg/kg), equinácea* (80 mg/kg), té verde* (80 mg/kg). *INGREDIENTES NATURALES",https://www.ownat.com/cdnassets/ow-grain-free-prime-adult-chicken-turkey-cat-saco-front_l.jpg,,
OWNAT GF PRIME PELO Y PIEL (GATO),Ownat,pienso-gatos,gato,1 kg; 3 kg,10.65€; 29.90€,,"Especialmente indicado para el cuidado de la piel y el pelo, contiene una combinación equilibrada de ácidos grasos omega-3 y omega-6 con un complejo de vitaminas A, E, biotina y minerales (zinc, selenio), para una piel sana y un pelaje denso y brillante.","Especialmente indicado para el cuidado de la piel y el pelo, contiene una combinación equilibrada de ácidos grasos omega-3 y omega-6 con un complejo de vitaminas A, E, biotina y minerales (zinc, selenio), para una piel sana y un pelaje denso y brillante.","Pollo fresco* (mín. 25% antes de la extrusión), pavo fresco* (mín. 25% antes de la extrusión), pollo deshidratado (12%), cerdo deshidratado (9%), guisantes enteros* (7%), grasa de ave (conservada con antioxidantes naturales), raíces de yuca* (6%), patata deshidratada* (4%), pescado deshidratado (anchoveta, jurel y caballa), huevo deshidratado* (1%), levadura de cerveza* (1%), proteína de pollo hidrolizada, manzana* (1%), pulpa de remolacha, aceite de salmón (conservado con antioxidantes naturales), sal de roca*, alfalfa deshidratada*, fructo- y manano-oligosacáridos, algas marinas deshidratadas* (500 mg/kg), glucosamina (500 mg/kg), yucca schidigera, sulfato de condroitina (80 mg/kg), arándanos rojos* (100 mg/kg), tomillo* (80 mg/kg), flor de manzanilla* (80 mg/kg). mg/kg), hinojo* (80 mg/kg), equinácea* (80 mg/kg), té verde* (80 mg/kg). *INGREDIENTES NATURALES",https://www.ownat.com/cdnassets/ow-grain-free-prime-hair-skin-care-saco-front_l.jpg,,
OWNAT GF PRIME ESTERILIZADO (GATO),Ownat,pienso-gatos,gato,1 kg; 3 kg; 8 kg,10.65€; 29.90€; 61.86€,,"Adecuado para cubrir las necesidades nutricionales de gatos esterilizados. Elaborado con un 50% de carne fresca de pollo y pavo, es rico en fibra y contiene un nivel moderado de grasas, ayudando a mantener un peso ideal y favoreciendo una buena salud intestinal.","Adecuado para cubrir las necesidades nutricionales de gatos esterilizados. Elaborado con un 50% de carne fresca de pollo y pavo, es rico en fibra y contiene un nivel moderado de grasas, ayudando a mantener un peso ideal y favoreciendo una buena salud intestinal.","Pollo fresco* (mín. 30% antes de la extrusión), pavo fresco* (mín. 20% antes de la extrusión), pollo deshidratado (11%), raíces de yuca* (8%), cerdo deshidratado (7%), guisantes* (6%), proteína de salmón hidrolizada, patata deshidratada* (3%), pescado deshidratado (anchoveta, jurel y caballa), levadura de cerveza inactivada* (2%), pulpa de remolacha deshidratada, grasa de ave (conservada con antioxidantes naturales), proteína de pollo hidrolizada, huevo deshidratado* (1%), manzana* (1%), aceite de salmón (conservado con antioxidantes naturales), sal de roca*, fructo- y manano-oligosacáridos, algas marinas deshidratadas* (500 mg/kg), glucosamina (500 mg/kg), yucca schidigera, sulfato de condroitina (100 mg/kg), arándanos rojos* (100 mg/kg), tomillo* (80 mg/kg), flor de manzanilla* (80 mg/kg), hinojo* (80 mg/kg), equinácea* (80 mg/kg), té verde* (80 mg/kg). *INGREDIENTES NATURALES",https://www.ownat.com/cdnassets/ow-grain-free-prime-sterilized-saco-front_l.jpg,,
OWNAT GF PRIME ESTERILIZADO PESCADO (GATO),Ownat,pienso-gatos,gato,1 kg; 3 kg; 8 kg,11.58€; 32.49€; 67.26€,,"Alimento para gatos. Especialmente formulado para satisfacer las necesidades nutricionales de los gatos esterilizados. Incorpora un 20% de pescado fresco, que aporta proteínas de la máxima calidad y un sabor excepcional. Rico en fibras con un gran poder saciante que le ayuda a mantener su peso óptimo.","Alimento para gatos. Especialmente formulado para satisfacer las necesidades nutricionales de los gatos esterilizados. Incorpora un 20% de pescado fresco, que aporta proteínas de la máxima calidad y un sabor excepcional. Rico en fibras con un gran poder saciante que le ayuda a mantener su peso óptimo.","Pescado 37% (pescado fresco* min 20% antes de extrusión, proteína de salmón hidrolizada 10%, pescado deshidratado 7%), guisantes* (13%), pollo deshidratado (11%), raíces de mandioca* (10%), cerdo deshidratado (9%), grasa avícola (preservada con antioxidantes naturales), patata deshidratada* (5%), levadura de cerveza inactivada* (3%), proteína hidrolizada de pollo, pulpa de remolacha seca, manzana* (1%), aceite de salmón (preservado con antioxidantes naturales), sal gema*, fructo oligosacáridos y manano oligosacáridos, algas marinas deshidratadas* (500 mg/kg), glucosamina (500 mg/kg), yucca schidigera, condroitín sulfato (100 mg/kg), arándanos* (100 mg/kg), tomillo* (80 mg/kg), flor de manzanilla* (80 mg/kg), hinojo* (80 mg/kg), equinácea* (80 mg/kg), té verde* (80 mg/kg). *INGREDIENTES NATURALES",https://www.ownat.com/cdnassets/ow-grain-free-prime-sterilized-fish-saco-front_l.jpg,,
OWNAT AUTHOR FRESCO PESCADO AZUL Y AVE (GATO),Ownat,pienso-gatos,gato,"1,5 kg; 3 kg",14.04€; 24.74€,,"Una deliciosa combinación de pescado azul fresco (25%), pollo fresco (25%) y pato fresco (10%) lo hace irresistible para los paladares más exigentes. Además, contiene bayas de goji, una fuente natural de antioxidantes; jengibre, con propiedades digestivas y carminativas; y harpagofito, que ayuda a suprimir la inflamación.","Una deliciosa combinación de pescado azul fresco (25%), pollo fresco (25%) y pato fresco (10%) lo hace irresistible para los paladares más exigentes. Además, contiene bayas de goji, una fuente natural de antioxidantes; jengibre, con propiedades digestivas y carminativas; y harpagofito, que ayuda a suprimir la inflamación.","Pescado azul fresco* (25 % mín. antes de la extrusión), pollo fresco* (25 % mín. antes de la extrusión), arroz* (12 %), pato fresco* (10 % mín. antes de la extrusión), patata deshidratada* (10 %), guisantes* (8 %), levadura de cerveza inactivada* (2 %), pulpa de remolacha deshidratada, grasa de ave (conservada con antioxidantes naturales), aceite de salmón (conservado con antioxidantes naturales), frutas frescas antes de la extrusión (manzana* 1 %), sal de roca*, raíces de achicoria (FOS)*, productos de levadura (MOS), algas marinas deshidratadas*, glucosamina (500 mg/kg), yuca shidigera, bayas de goji* (150 mg/kg), sulfato de condroitina (100 mg/kg), raíces de harpagofito* (100 mg/kg), cúrcuma* (100 mg/kg), hinojo* (100 mg/kg). *INGREDIENTES NATURALES",https://www.ownat.com/cdnassets/Fresh-Oily-Fish--Poultry_l.jpg,,
OWNAT AUTHOR GF ESTERILIZADO POLLO FRESCO (GATO),Ownat,pienso-gatos,gato,"1,5 kg; 3 kg",13.29€; 23.43€,,"Comida para gatos. Los gatos esterilizados tienen unos requisitos nutricionales específicos. Hemos elaborado nuestra receta con un 60 % de pollo fresco para aportar las proteínas de la mayor calidad y digestibilidad y con un contenido moderado de calorías para evitar el incremento de peso. Está complementado con jengibre, que posee propiedades digestivas y carminativas, así como con semillas de chía, que son fuente natural de ácidos grasos omega 3 y fibra.","Comida para gatos. Los gatos esterilizados tienen unos requisitos nutricionales específicos. Hemos elaborado nuestra receta con un 60 % de pollo fresco para aportar las proteínas de la mayor calidad y digestibilidad y con un contenido moderado de calorías para evitar el incremento de peso. Está complementado con jengibre, que posee propiedades digestivas y carminativas, así como con semillas de chía, que son fuente natural de ácidos grasos omega 3 y fibra.","Pollo fresco* (60 % mín. antes de la extrusión), patata deshidratada* (18 %), raíces de mandioca* (6 %), guisantes* (5 %), grasa avícola (preservada con antioxidantes naturales), aceite de salmón (preservado con antioxidantes naturales), levadura de cerveza inactivada* (2 %), verduras frescas antes de la extrusión (zanahoria* 0,5 %, brócoli* 0,5 %), pulpa de remolacha seca, sal gema*, raíces de achicoria (FOS)*, productos de levaduras (MOS), algas marinas deshidratadas*, glucosamina (500 mg/kg), yucca shidigera, jengibre* (150 mg/kg), semillas de chía* (150 mg/kg), condroitín sulfato (100 mg/kg). *INGREDIENTES NATURALES",https://www.ownat.com/cdnassets/Author-Sterilized-Fresh-Chicken-v2_l.jpg,,
OWNAT LÍNEA HÚMEDA CACHORRO SALMÓN Y PAVO (GATO),Ownat,humeda-gatos,gato,85 g,1.79 €,,"Alimento húmedo para gatitos de 1 a 12 meses. 100% natural, de excepcional calidad y palatabilidad gracias a que solo contiene carne de verdad:","Alimento húmedo para gatitos de 1 a 12 meses. 100% natural, de excepcional calidad y palatabilidad gracias a que solo contiene carne de verdad: sin carne reestructurada, sin harina de carne ni harina de hueso. Al no contener cereales, es altamente digestible e ideal para mascotas con alergias o intolerancia a los cereales o al gluten. Perfecto para combinar con pienso seco.","Salmón (35%), pavo (35%), caldo (28,7%), minerales, aceite de salmón, manzanilla (0,1%).",https://www.ownat.com/cdnassets/OWNAT_GATO_SALMON_TURKEY_l.png,,
OWNAT LÍNEA HÚMEDA TERNERA Y PAVO (GATO) 85g,Ownat,humeda-gatos,gato,85 g,1.79 €,,"Alimento húmedo para gatos de todas las edades y tamaños. 100% natural con una calidad y apetencia excepcionales gracias a que solo contiene carnes de verdad: sin carnes reconstituidas, sin harinas y sin huesos. Al no contener ningún tipo de cereal, son muy digestivas e imprescindibles para mascotas con alergia o intolerancia a los cereales o al gluten. Ideal para combinarlo con la comida seca.","Alimento húmedo para gatos de todas las edades y tamaños. 100% natural con una calidad y apetencia excepcionales gracias a que solo contiene carnes de verdad: sin carnes reconstituidas, sin harinas y sin huesos. Al no contener ningún tipo de cereal, son muy digestivas e imprescindibles para mascotas con alergia o intolerancia a los cereales o al gluten. Ideal para combinarlo con la comida seca.","Ternera (35%), pavo (35%), caldo (28,7%), minerales, aceite de salmón, rosa mosqueta (0,1%).",https://www.ownat.com/cdnassets/OWNAT_GATO_VEAL_TURKEY_l.png,,
OWNAT LÍNEA HÚMEDA POLLO Y GAMBAS (GATO),Ownat,humeda-gatos,gato,85 g,1.79 €,,"Alimento húmedo para gatos de todas las edades y tamaños. 100% natural con una calidad y apetencia excepcionales gracias a que solo contiene carnes de verdad: sin carnes reconstituidas, sin harinas y sin huesos. Al no contener ningún tipo de cereal, son muy digestivas e imprescindibles para mascotas con alergia o intolerancia a los cereales o al gluten. Ideal para combinarlo con la comida seca.","Alimento húmedo para gatos de todas las edades y tamaños. 100% natural con una calidad y apetencia excepcionales gracias a que solo contiene carnes de verdad: sin carnes reconstituidas, sin harinas y sin huesos. Al no contener ningún tipo de cereal, son muy digestivas e imprescindibles para mascotas con alergia o intolerancia a los cereales o al gluten. Ideal para combinarlo con la comida seca.","Pollo (55%), caldo (28,7%), langostinos (15%), minerales, aceite de salmón, diente de león (0,1%).",https://www.ownat.com/cdnassets/OWNAT_GATO_CHICKEN_SHRIMPS_l.png,,
OWNAT LÍNEA HÚMEDA SALMÓN Y ARENQUE (GATO) 85g,Ownat,humeda-gatos,gato,85 g,1.79 €,,"Alimento húmedo para gatos de todas las edades y tamaños. 100% natural con una calidad y apetencia excepcionales gracias a que solo contiene carnes de verdad: sin carnes reconstituidas, sin harinas y sin huesos. Al no contener ningún tipo de cereal, son muy digestivas e imprescindibles para mascotas con alergia o intolerancia a los cereales o al gluten. Ideal para combinarlo con la comida seca.","Alimento húmedo para gatos de todas las edades y tamaños. 100% natural con una calidad y apetencia excepcionales gracias a que solo contiene carnes de verdad: sin carnes reconstituidas, sin harinas y sin huesos. Al no contener ningún tipo de cereal, son muy digestivas e imprescindibles para mascotas con alergia o intolerancia a los cereales o al gluten. Ideal para combinarlo con la comida seca.","Salmón (45%), caldo (28,7%), arenque (25%), minerales, aceite de salmón, algas marinas (0,1%).",https://www.ownat.com/cdnassets/OWNAT_GATO_SALMON_HERRING_l.png,,
OWNAT LÍNEA HÚMEDA ESTERILIZADO POLLO Y PAVO (GATO) 85g,Ownat,humeda-gatos,gato,85 g,1.79 €,,"Los gatos esterilizados tienen menos necesidades energéticas y son más propensos al sobrepeso. Nuestro alimento ayuda a mantener el peso ideal, al incorporar un aporte reducido de materias grasas.","Los gatos esterilizados tienen menos necesidades energéticas y son más propensos al sobrepeso. Nuestro alimento ayuda a mantener el peso ideal, al incorporar un aporte reducido de materias grasas.","Pollo (36%), caldo (31,9%), pavo (29%), patata (2%), minerales, espirulina (0,1%).",https://www.ownat.com/cdnassets/OWNAT_GATO_CHICKEN_TURKEY_l.png,,
OWNAT LÍNEA HÚMEDA ESTERILIZADO POLLO Y SALMÓN (GATO),Ownat,humeda-gatos,gato,85 g,1.79 €,,"Los gatos esterilizados tienen menos necesidades energéticas y son más propensos al sobrepeso. Nuestro alimento ayuda a mantener el peso ideal, al incorporar un aporte reducido de materias grasas.","Los gatos esterilizados tienen menos necesidades energéticas y son más propensos al sobrepeso. Nuestro alimento ayuda a mantener el peso ideal, al incorporar un aporte reducido de materias grasas.","Pollo (50%), caldo (31,9%), salmón (15%), achicoria (2%), minerales, levadura de cerveza (0,1%).",https://www.ownat.com/cdnassets/OWNAT_GATO_CHICKEN_SALMON_l.png,,
OWNAT LÍNEA HÚMEDA ESTERILIZADO PAVO Y ATÚN (GATO) 85g,Ownat,humeda-gatos,gato,85 g,1.79 €,,"Los gatos esterilizados tienen menos necesidades energéticas y son más propensos al sobrepeso. Nuestro alimento ayuda a mantener el peso ideal, al incorporar un aporte reducido de materias grasas.","Los gatos esterilizados tienen menos necesidades energéticas y son más propensos al sobrepeso. Nuestro alimento ayuda a mantener el peso ideal, al incorporar un aporte reducido de materias grasas.","Pavo (50%), caldo (31,9%), atún (15%), batata (2%), minerales, cúrcuma (0,1%).",https://www.ownat.com/cdnassets/OWNAT_GATO_TURKEY_TUNA_l.png,,
OWNAT LÍNEA HÚMEDA PAVO Y POLLO (GATO),Ownat,humeda-gatos,gato,85 g,1.79 €,,"Alimento húmedo para gatos de todas las edades y tamaños. 100% natural con una calidad y apetencia excepcionales gracias a que solo contiene carnes de verdad: sin carnes reconstituidas, sin harinas y sin huesos. Al no contener ningún tipo de cereal, son muy digestivas e imprescindibles para mascotas con alergia o intolerancia a los cereales o al gluten. Ideal para combinarlo con la comida seca.","Alimento húmedo para gatos de todas las edades y tamaños. 100% natural con una calidad y apetencia excepcionales gracias a que solo contiene carnes de verdad: sin carnes reconstituidas, sin harinas y sin huesos. Al no contener ningún tipo de cereal, son muy digestivas e imprescindibles para mascotas con alergia o intolerancia a los cereales o al gluten. Ideal para combinarlo con la comida seca.","Pavo (35%), pollo (35%), caldo (28,7%), minerales, aceite de salmón, berro (0,1%).",https://www.ownat.com/cdnassets/OWNAT_GATO_TURKEY_CHICKEN_l.png,,
OWNAT CLASSIC MONOPROTEICO CERDO IBÉRICO (PERRO),Ownat,pienso-perros,perro,4 kg; 12 kg,16.27€; 28.78€,,Comida para perros. Una receta elaborada con ingredientes naturales de la máxima calidad y exclusivamente con cerdo ibérico como única fuente de proteína animal que hace que sea una alternativa excelente para aquellos perros con problemas de alergias.,Comida para perros. Una receta elaborada con ingredientes naturales de la máxima calidad y exclusivamente con cerdo ibérico como única fuente de proteína animal que hace que sea una alternativa excelente para aquellos perros con problemas de alergias.,"Cerdo ibérico 38 % (cerdo ibérico deshidratado 28 %, cerdo ibérico fresco* 10 % mín. antes de la extrusión), maíz* (19 %), trigo* (17 %), arroz* (8 %), manteca (preservada con antioxidantes naturales), pulpa de remolacha seca, manzana* (1 %), semilla de lino* (1 %), aceite de salmón (preservado con antioxidantes naturales), levadura de cerveza inactivada* (0,5 %), fructo y manano oligosacáridos, plantas aromáticas 0,02 % (hinojo*, equinácea*, tomillo*), yucca shidigera. *INGREDIENTES NATURALES",https://www.ownat.com/cdnassets/OWNAT_MONO_IBERIANPORK_FRONT_l.png,,
OWNAT CLASSIC MONOP. CORDERO (PERRO),Ownat,pienso-perros,perro,4 kg; 12 kg,17.33€; 46.76€,,Comida para perros. Una receta elaborada con ingredientes naturales de la máxima calidad y exclusivamente con cordero como única fuente de proteína animal que hace que sea una alternativa excelente para aquellos perros con problemas de alergias.,Comida para perros. Una receta elaborada con ingredientes naturales de la máxima calidad y exclusivamente con cordero como única fuente de proteína animal que hace que sea una alternativa excelente para aquellos perros con problemas de alergias.,"Cordero 37 % (cordero deshidratado 27 %, cordero fresco* 10 % mín. antes de la extrusión), trigo* (18 %), maíz* (13 %), arroz* (8 %), guisantes* (8 %), grasa avícola (preservada con antioxidantes naturales), pulpa de remolacha seca, manzana* (1 %), semilla de lino* (1 %), aceite de salmón (preservado con antioxidantes naturales), levadura de cerveza inactivada* (0,5 %), fructo y manano oligosacáridos, plantas aromáticas 0,02 % (hinojo*, equinácea*, tomillo*), yucca shidigera. *INGREDIENTES NATURALES",https://www.ownat.com/cdnassets/OWNAT_MONO_LAMB_FRONT_l.png,,
OWNAT CLASSIC MONOP. SALMÓN (PERRO),Ownat,pienso-perros,perro,4 kg; 12 kg,19.72€; 48.85€,,Alimento para perros. Una receta elaborada con ingredientes naturales de la máxima calidad y exclusivamente con salmón como única fuente de proteína animal que hace que sea una alternativa excelente para aquellos perros con problemas de alergias.,Alimento para perros. Una receta elaborada con ingredientes naturales de la máxima calidad y exclusivamente con salmón como única fuente de proteína animal que hace que sea una alternativa excelente para aquellos perros con problemas de alergias.,"Salmón 30 % (salmón deshidratado 20 %, salmón fresco* 10 % mín. antes de la extrusión), guisantes* (16 %), trigo* (15 %), maíz* (12 %), arroz* (8 %), grasa avícola (preservada con antioxidantes naturales), pulpa de remolacha seca, vaina de algarroba* (2 %), manzana* (1 %), semilla de lino* (1 %), aceite de salmón (preservado con antioxidantes naturales), levadura de cerveza inactivada* (0,5 %), fructo y manano oligosacáridos, plantas aromáticas 0,02 % (hinojo*, equinácea*, tomillo*), yucca shidigera. *INGREDIENTES NATURALES",https://www.ownat.com/cdnassets/OWNAT_MONO_SALMON_FRONT_l.png,,
OWNAT CLASSIC JÚNIOR (PERRO),Ownat,pienso-perros,perro,4 kg; 12 kg,13.40€; 38.34€,,"Alimento para perros cachorros de cualquier raza desde el final de la lactancia hasta la edad adulta, asegura que crezcan fuertes, sanos, con energía y vitalidad. Con un elevado aporte de energía, es muy rico en proteínas y está enriquecido con Calcio y Vitamina E para favorecer el desarrollo de la musculatura, la estructura ósea y el sistema inmunitario.","Alimento para perros cachorros de cualquier raza desde el final de la lactancia hasta la edad adulta, asegura que crezcan fuertes, sanos, con energía y vitalidad. Con un elevado aporte de energía, es muy rico en proteínas y está enriquecido con Calcio y Vitamina E para favorecer el desarrollo de la musculatura, la estructura ósea y el sistema inmunitario.","Carnes 39% (carnes deshidratadas 29%, pollo fresco* 10% antes de la extrusión), arroz* (12%), trigo* (9%), grasa de pollo, maíz* (8%), salvado de trigo* (8%), cebada* (7%), guisantes* (2%), manzana* (1%), aceite de salmón, semilla de lino* (1%), pulpa de remolacha seca, fructo y manano oligosacáridos, levadura de cerveza inactivada* (0,5%), plantas aromáticas 0,02% (hinojo*, equinácea*, tomillo*), yucca schidigera. *INGREDIENTES NATURALES",https://www.ownat.com/cdnassets/Junior-1328x1500px_l.webp,,
OWNAT CLASSIC COMPLETO (PERRO),Ownat,pienso-perros,perro,4 kg; 12 kg; 20 kg,10.60€; 29.58€; 43.12€,,"Alimento para perros, completo y equilibrado, con un excelente sabor gracias a la incorporación de carne fresca. Diseñado para cubrir todas las necesidades nutricionales de un perro adulto con un nivel de actividad normal, sea cual sea su raza y tamaño.","Alimento para perros, completo y equilibrado, con un excelente sabor gracias a la incorporación de carne fresca. Diseñado para cubrir todas las necesidades nutricionales de un perro adulto con un nivel de actividad normal, sea cual sea su raza y tamaño.","Carnes 32% (carnes deshidratadas 22%, pollo fresco* 10% antes de la extrusión), trigo* (18%), grasa de pollo, maíz* (9%), cebada* (8%), guisantes* (5%), salvado de trigo* (5%), arroz* (5%), vaina de algarroba* (2%), manzana* (1%), aceite de salmón, semilla de lino* (1%), pulpa de remolacha seca, fructo y manano oligosacáridos, levadura de cerveza inactivada* (0,5%), plantas aromáticas 0,02% (hinojo*, equinácea*, tomillo*), yucca schidigera. *INGREDIENTES NATURALES.",https://www.ownat.com/cdnassets/Complet-1328x1500px_l.webp,,
OWNAT CLASSIC ENERGÍA (PERRO),Ownat,pienso-perros,perro,4 kg; 12 kg; 20 kg,12.72€; 33.47€; 52.66€,,"Comida para perros adultos con alto nivel de actividad física, perros de trabajo y deportivos. Rico en materias grasas como fuente de energía concentrada, equilibrada y de fácil asimilación, su alto nivel de proteínas asegura el mantenimiento de la musculatura evitando la pérdida de masa muscular a raíz del esfuerzo físico.","Comida para perros adultos con alto nivel de actividad física, perros de trabajo y deportivos. Rico en materias grasas como fuente de energía concentrada, equilibrada y de fácil asimilación, su alto nivel de proteínas asegura el mantenimiento de la musculatura evitando la pérdida de masa muscular a raíz del esfuerzo físico.","Carnes 40% (carnes deshidratadas 30%, pollo fresco* 10% antes de la extrusión), trigo* (12%), grasa de pollo, arroz* (8%), cebada* (8%), maíz* (8%), guisantes* (4%), salvado de trigo* (3%), vaina de algarroba* (2%), manzana* (1%), aceite de salmón, semilla de lino* (1%), pulpa de remolacha seca, fructo y manano oligosacáridos, levadura de cerveza inactivada* (0,5%), plantas aromáticas 0,02% (hinojo*, equinácea*, tomillo*), yucca schidigera. *INGREDIENTES NATURALES",https://www.ownat.com/cdnassets/Energy-1328x1500px_l.webp,,
OWNAT CLASSIC LIGHT (PERRO),Ownat,pienso-perros,perro,4 kg; 12 kg; 20 kg,10.90€; 29.64€; 46.12€,,"Alimento para perros, especialmente formulado para perros con problemas de sobrepeso, con un bajo nivel de materias grasas para reducir las calorías. Nutricionalmente, esta condición se compensa a su vez con una elevada proporción de proteínas, capaces de asegurar el correcto mantenimiento de la masa muscular del perro.","Alimento para perros, especialmente formulado para perros con problemas de sobrepeso, con un bajo nivel de materias grasas para reducir las calorías. Nutricionalmente, esta condición se compensa a su vez con una elevada proporción de proteínas, capaces de asegurar el correcto mantenimiento de la masa muscular del perro.","Carnes 35% (carnes deshidratadas 25%, pollo fresco* 10% antes de la extrusión), trigo* (21%), maíz* (10%), cebada* (9%), arroz* (7%), salvado de trigo* (6%), vaina de algarroba* (2%), guisantes* (2%), grasa de pollo, manzana* (1%), aceite de salmón, semilla de lino* (1%), pulpa de remolacha seca, proteína hidrolizada de pollo, fructo y manano oligosacáridos, levadura de cerveza inactivada* (0,5%), plantas aromáticas 0,02% (hinojo*, equinácea*, tomillo*), yucca schidigera. *INGREDIENTES NATURALES",https://www.ownat.com/cdnassets/Light-dog-1328x1500px_l.webp,,
OWNAT CLASSIC MINI ADULTO (PERRO),Ownat,pienso-perros,perro,"1,5 kg; 4 kg; 8 kg",5.70€; 11.15€; 20.54€,,"Comida para perros de entre 1 kg y 10 kgs en edad adulta, está especialmente formulado con elevados aportes calóricos y muy rico en proteínas para dar respuesta a los altos requerimientos de las razas mini. Sus croquetas de forma y tamaño reducidos así cómo su gran apetitosidad lo hace adecuado para los paladares más caprichosos.","Comida para perros de entre 1 kg y 10 kgs en edad adulta, está especialmente formulado con elevados aportes calóricos y muy rico en proteínas para dar respuesta a los altos requerimientos de las razas mini. Sus croquetas de forma y tamaño reducidos así cómo su gran apetitosidad lo hace adecuado para los paladares más caprichosos.","Carnes 34% (carnes deshidratadas 24%, pollo fresco* 10% antes de la extrusión), trigo* (18%), grasa de pollo, maíz* (8%), cebada* (8%), salvado de trigo* (5%), arroz* (5%), guisantes* (4%), vaina de algarroba* (2%), manzana* (1%), aceite de salmón, semilla de lino* (1%), pulpa de remolacha seca, fructo y manano oligosacáridos, levadura de cerveza inactivada* (0,5%), plantas aromáticas 0,02% (hinojo*, equinácea*, tomillo*), yucca schidigera. *INGREDIENTES NATURALES",https://www.ownat.com/cdnassets/Mini-Adult-1328x1500px_l.jpg,,
OWNAT CLASSIC CORDERO Y ARROZ (PERRO),Ownat,pienso-perros,perro,4 kg; 12 kg; 20 kg,13.20€; 35.00€; 53.49€,,"Alimento para perros, elaborado con cordero como fuente alternativa de proteína de gran apetencia y con arroz como primera fuente de hidratos de carbono, que contribuye a una alta tolerancia digestiva.","Alimento para perros, elaborado con cordero como fuente alternativa de proteína de gran apetencia y con arroz como primera fuente de hidratos de carbono, que contribuye a una alta tolerancia digestiva.","Carnes 30% (carnes deshidratadas 20%, cordero fresco* 10% antes de la extrusión), arroz* (15%), cebada* (10%), grasa de pollo, trigo* (9%), maíz* (8%), guisantes* (5%), salvado de trigo* (5%), vaina de algarroba* (2%), manzana* (1%), aceite de salmón, semilla de lino* (1%), pulpa de remolacha seca, fructo y manano oligosacáridos, levadura de cerveza inactivada* (0,5%), plantas aromáticas 0,02% (hinojo*, equinácea*, tomillo*), yucca schidigera. *INGREDIENTES NATURALES",https://www.ownat.com/cdnassets/LambRice-1328x1500px_l.webp,,
OWNAT CLASSIC PESCADO (PERRO),Ownat,pienso-perros,perro,4 kg; 12 kg; 20 kg,12.09€; 32.70€; 51.42€,,"Alimento para perros, elaborado con pescado fresco, contiene un aporte adicional de ácidos grasos Omega 3 y 6 que ayudan a mantener la piel sana y el pelo sedoso y brillante. Para perros adultos de cualquier raza y tamaño.","Alimento para perros, elaborado con pescado fresco, contiene un aporte adicional de ácidos grasos Omega 3 y 6 que ayudan a mantener la piel sana y el pelo sedoso y brillante. Para perros adultos de cualquier raza y tamaño.","Carnes deshidratadas (18%), pescado 15% (pescado fresco* 10% antes de la extrusión, pescado deshidratado 5%), trigo* (12%), cebada* (12%), grasa de pollo, salvado de trigo* (9%), maíz* (9%), arroz* (6%), guisantes* (3%), manzana* (1%), aceite de salmón, semilla de lino* (1%), pulpa de remolacha seca, fructo y manano oligosacáridos, levadura de cerveza inactivada* (0,5%), plantas aromáticas 0,02% (hinojo*, equinácea*, tomillo*), yucca schidigera. *INGREDIENTES NATURALES",https://www.ownat.com/cdnassets/Fish-dog-1328x1500px_l.webp,,
OWNAT CLASSIC PATO (PERRO),Ownat,pienso-perros,perro,4 kg; 12 kg,12.74€; 36.53€,,"Comida para perros de todas las razas en fase adulta, está elaborado con pato fresco como fuente alternativa de proteína de gran apetencia y de máxima calidad nutricional que asegura una alimentación completa y equilibrada.","Comida para perros de todas las razas en fase adulta, está elaborado con pato fresco como fuente alternativa de proteína de gran apetencia y de máxima calidad nutricional que asegura una alimentación completa y equilibrada.","Carnes 33% (carnes deshidratadas 23%, pato fresco* 10% antes de la extrusión), trigo* (14%), maíz* (12%), grasa de pollo, guisantes* (7%), arroz* (5%), cebada* (5%), salvado de trigo* (5%), vaina de algarroba* (2%), pulpa de remolacha seca, manzana* (1%), aceite de salmón, semilla de lino* (1%), fructo y manano oligosacáridos, levadura de cerveza inactivada* (0,5%), plantas aromáticas 0,02% (hinojo*, equinácea*, tomillo*), yucca schidigera. *INGREDIENTES NATURALES",https://www.ownat.com/cdnassets/ow-classic-duck-saco-front_l.jpg,,
OWNAT CARE ARTICULAR (PERRO),Ownat,pienso-perros,perro,3 kg; 10 kg,23.43€; 60.38€,,"Comida para perros. OWNAT CARE MOBILITY es un alimento completo y equilibrado para perros tanto en la fase de crecimiento como adultos y seniors, con articulaciones delicadas. Con un contenido moderado de calorías para evitar el incremento de peso y con ingredientes funcionales para la mejora de la salud articular.","Comida para perros. OWNAT CARE MOBILITY es un alimento completo y equilibrado para perros tanto en la fase de crecimiento como adultos y seniors, con articulaciones delicadas. Con un contenido moderado de calorías para evitar el incremento de peso y con ingredientes funcionales para la mejora de la salud articular.","Pollo fresco* (mín. 30% antes de la extrusión), pollo deshidratado, arroz* (12%), maíz*, guisantes*, proteína de salmón hidrolizada (5%), grasa avícola (preservada con antioxidantes naturales), raíces de mandioca* (4%), vaina de algarroba*, krill deshidratado* (2,5%), proteína hidrolizada de pollo, pulpa de remolacha seca, aceite de salmón (preservado con antioxidantes naturales) (1,5%), levaduras (nucleótidos)* (1,5%), colágeno hidrolizado (1%), manzana* (1%), semilla de lino*, sal gema*, fructo y manano oligosacáridos, condroitín sulfato (1.500 mg/kg), glucosamina (1.000 mg/kg), algas marinas deshidratadas (Ascophyllum nodosum)* (500 mg/kg), yucca schidigera, arándanos* (100 mg/kg), raíces de harpagófito* (100 mg/kg), cúrcuma* (100 mg/kg), flor de manzanilla* (100 mg/kg), equinácea* (100 mg/kg), té verde* (100 mg/kg). *INGREDIENTES NATURALES",https://www.ownat.com/cdnassets/ow-care-mobility-saco-front_l.jpg,,
OWNAT CARE CONTROL DE PESO (PERRO),Ownat,pienso-perros,perro,3 kg; 10 kg,21.12€; 53.32€,,"Comida para perros. Está indicado para la alimentación habitual de perros adultos de todas las razas con tendencia al incremento de peso. Ofrece un contenido moderado de calorías para evitar la ganancia de peso e ingredientes funcionales para proteger las articulaciones. Tiene un elevado contenido de fibra, de efecto saciante y beneficiosa para el bienestar digestivo","Comida para perros. Está indicado para la alimentación habitual de perros adultos de todas las razas con tendencia al incremento de peso. Ofrece un contenido moderado de calorías para evitar la ganancia de peso e ingredientes funcionales para proteger las articulaciones. Tiene un elevado contenido de fibra, de efecto saciante y beneficiosa para el bienestar digestivo","Pavo fresco* (20 % mín. antes de la extrusión), pollo deshidratado (13 %), avena* (11 %), guisantes* (11 %), batata deshidratada* (7 %), proteína de salmón hidrolizada (6 %), salvado de trigo*, lignocelulosa, cerdo deshidratado (4 %), salmón deshidratado (4 %), vaina de algarroba* (4 %), pulpa de remolacha seca, grasa avícola (preservada con antioxidantes naturales), proteína de pollo hidrolizada, levadura de cerveza inactivada* (1 %), manzana* (1 %), aceite de salmón (preservado con antioxidantes naturales), sal gema*, raíces de achicoria (FOS)* (2 g/kg), productos de levaduras (MOS) (2 g/kg), glucosamina (1.000 mg/kg), algas marinas deshidratadas* (Ascophyllum nodosum) (500 mg/kg), condroitín sulfato (250 mg/kg), yucca shidigera, arándanos* (100 mg/kg), raíces de harpagofito* (100 mg/kg), cúrcuma* (100 mg/kg), flor de manzanilla* (100 mg/kg), equinácea* (100 mg/kg), té verde* (100 mg/kg). *INGREDIENTES NATURALES",https://www.ownat.com/cdnassets/Gama/Care/Weight-Control/care_weight_control_front.webp,,
OWNAT CARE DIGESTIVO (PERRO),Ownat,pienso-perros,perro,3 kg; 10 kg,21.62€; 54.24€,,"Comida para perros. OWNAT CUIDADO DIGESTIVO está indicado para perros con el tracto gastrointestinal sensible. Está elaborado de manera cuidadosa con ingredientes naturales, probióticos y prebióticos para favorecer la salud intestinal, promoviendo una flora intestinal equilibrada y una óptima digestión.","Comida para perros. OWNAT CUIDADO DIGESTIVO está indicado para perros con el tracto gastrointestinal sensible. Está elaborado de manera cuidadosa con ingredientes naturales, probióticos y prebióticos para favorecer la salud intestinal, promoviendo una flora intestinal equilibrada y una óptima digestión.","Pollo fresco* (mín. 20% antes de la cocción), pollo deshidratado, raíces de mandioca*, batata deshidratada* (10%), maíz*, arroz* (7%), grasa avícola (preservada con antioxidantes naturales), proteína de salmón hidrolizada (6%), pescado deshidratado, vaina de algarroba*, proteína hidrolizada de pollo, pulpa de remolacha seca, aceite de salmón (preservado con antioxidantes naturales), levaduras (nucleótidos)* (1,5%), manzana* (1%), semilla de lino* (1%), sal gema*, raíces de achicoria (FOS)* (2 g/kg), productos de levaduras (MOS) (2 g/kg), algas marinas deshidratadas (Ascophyllum nodosum)* (500 mg/kg), yucca schidigera, arándanos* (100 mg/kg), raíces de harpagofito* (100 mg/kg), flor de manzanilla* (100 mg/kg), equinácea* (100 mg/kg), té verde* (100 mg/kg). *INGREDIENTES NATURALES",https://www.ownat.com/cdnassets/ow-care-digestive-saco-front_l.jpg,,
OWNAT CARE DERMATOLÓGICO (PERRO),Ownat,pienso-perros,perro,3 kg; 10 kg,24.17€; 61.84€,,"Comida para perros. OWNAT CUIDADO DERMATOLÓGICO está indicado para la alimentación habitual de perros susceptibles a sensibilidades dermatológicas. Ofrece un aporte nutricional completo y está elaborado con proteínas de calidad, bajo en alérgenos y con ingredientes funcionales para mitigar enrojecimientos, picores y asegurar que la piel y el pelo estén suaves y sanos","Comida para perros. OWNAT CUIDADO DERMATOLÓGICO está indicado para la alimentación habitual de perros susceptibles a sensibilidades dermatológicas. Ofrece un aporte nutricional completo y está elaborado con proteínas de calidad, bajo en alérgenos y con ingredientes funcionales para mitigar enrojecimientos, picores y asegurar que la piel y el pelo estén suaves y sanos","Proteína de salmón hidrolizada (14%), arroz* (13%), patata deshidratada*, proteína de trigo hidrolizada (12%), grasa avícola (preservada con antioxidantes naturales), proteína animal hidrolizada (10%), raíces de mandioca*, vaina de algarroba* (5%), pulpa de remolacha seca, krill deshidratado* (2,5%), levaduras (nucleótidos)* (1,5%), semilla de lino* (1,5%), aceite de salmón (preservado con antioxidantes naturales), aceite de borraja (con un 20,5% de ácido gamma-linolénico) (0,5%), sal gema*, fructo y manano oligosacáridos, algas marinas deshidratadas (Ascophyllum nodosum)* (500 mg/kg), yucca schidigera, cúrcuma* (100 mg/kg), raíces de harpagófito* (100 mg/kg), equinácea* (100 mg/kg), té verde* (100 mg/kg).*INGREDIENTES NATURALES",https://www.ownat.com/cdnassets/ow-care-dermatologic-saco-front_l-2.jpg,,
OWNAT ULTRA MINI JÚNIOR (PERRO),Ownat,pienso-perros,perro,3 kg,20.44€,,Comida para perros. Los cachorros de razas pequeñas tienen un proceso de desarrollo muy rápido e intenso. Está especialmente formulado con altos niveles de energía para satisfacer las necesidades nutritivas de los cachorros hasta la edad adulta. Está también indicado para las madres en gestación y ofrece excelentes resultados como producto para el destete de los cachorros.,Comida para perros. Los cachorros de razas pequeñas tienen un proceso de desarrollo muy rápido e intenso. Está especialmente formulado con altos niveles de energía para satisfacer las necesidades nutritivas de los cachorros hasta la edad adulta. Está también indicado para las madres en gestación y ofrece excelentes resultados como producto para el destete de los cachorros.,"Pollo deshidratado (22 %), pollo fresco* (15 % mín. antes de la cocción), pavo fresco* (15 % mín. antes de la cocción), arroz* (11 %), grasa avícola (preservada con antioxidantes naturales), raíces de mandioca* (8 %), patata deshidratada* (6 %), proteína de salmón hidrolizada, verduras y frutas frescas antes de la cocción (manzana* 1 %, zanahoria* 0,5 %, calabaza* 0,5 %), salmón deshidratado (2 %), proteína de pollo hidrolizada, levadura de cerveza inactivada* (1 %), huevo deshidratado* (1 %), semilla de lino* (1 %), aceite de salmón (preservado con antioxidantes naturales), sal gema*, raíces de achicoria (FOS)*, productos de levaduras (MOS), algas marinas deshidratadas* (500 mg/kg), glucosamina (500 mg/kg), yucca shidigera, condroitín sulfato (100 mg/kg), arándanos* (100 mg/kg), té verde* (80 mg/kg), equinácea* (80 mg/kg), flor de manzanilla* (80 mg/kg), hinojo* (80 mg/kg). *INGREDIENTES NATURALES",https://www.ownat.com/cdnassets/New-Ultra/ow-ultra-mini-junior-saco-front.jpg,,
OWNAT ULTRA MEDIANO JÚNIOR (PERRO),Ownat,pienso-perros,perro,3 kg; 12 kg,21.98€; 60.85€,,"Comida para perros. Indicado para cachorros de razas medianas desde el destete hasta el final de su crecimiento. Ofrece un aporte energético elevado y rico en proteínas para favorecer el desarrollo de la musculatura. Asimismo, la proporción equilibrada de calcio y fósforo asegura el óptimo desarrollo de los huesos y dientes.","Comida para perros. Indicado para cachorros de razas medianas desde el destete hasta el final de su crecimiento. Ofrece un aporte energético elevado y rico en proteínas para favorecer el desarrollo de la musculatura. Asimismo, la proporción equilibrada de calcio y fósforo asegura el óptimo desarrollo de los huesos y dientes.","Pollo deshidratado (24 %), pollo fresco* (15 % mín. antes de la cocción), pavo fresco* (15 % mín. antes de la cocción), arroz* (11 %), patata deshidratada* (8 %), raíces de mandioca* (8 %), grasa avícola (preservada con antioxidantes naturales), proteína de salmón hidrolizada, verduras y frutas frescas antes de la cocción (manzana* 1 %, zanahoria* 0,5 %, calabaza* 0,5 %), salmón deshidratado (2 %), proteína de pollo hidrolizada, levadura de cerveza inactivada* (1 %), huevo deshidratado* (1 %), semilla de lino* (1 %), aceite de salmón (preservado con antioxidantes naturales), sal gema*, raíces de achicoria (FOS)*, productos de levaduras (MOS), algas marinas deshidratadas* (500 mg/kg), glucosamina (500 mg/kg), yucca shidigera, condroitín sulfato (100 mg/kg), arándanos* (100 mg/kg), té verde* (80 mg/kg), equinácea* (80 mg/kg), flor de manzanilla* (80 mg/kg), hinojo* (80 mg/kg).*INGREDIENTES NATURALES",https://www.ownat.com/cdnassets/New-Ultra/ow-ultra-medium-junior-saco-front.jpg,,
OWNAT ULTRA MAXI JÚNIOR (PERRO),Ownat,pienso-perros,perro,3 kg; 12 kg,21.47€; 61.05€,,"Alimento para perros. Indicado para cachorros de razas grandes. Con un aporte energético elevado y rico en proteínas para favorecer el crecimiento sano. Asimismo, la proporción equilibrada de calcio y fósforo asegura el óptimo desarrollo de los huesos y dientes.","Alimento para perros. Indicado para cachorros de razas grandes. Con un aporte energético elevado y rico en proteínas para favorecer el crecimiento sano. Asimismo, la proporción equilibrada de calcio y fósforo asegura el óptimo desarrollo de los huesos y dientes.","Pollo deshidratado (24 %), pollo fresco* (15 % mín. antes de la cocción), pavo fresco* (15 % mín. antes de la cocción), arroz* (11 %), patata deshidratada* (8 %), grasa avícola (preservada con antioxidantes naturales), raíces de mandioca* (6 %), proteína de salmón hidrolizada, verduras y frutas frescas antes de la cocción (manzana* 1 %, zanahoria* 0,5 %, calabaza* 0,5 %), salmón deshidratado (2 %), proteína de pollo hidrolizada, levadura de cerveza inactivada* (1 %), huevo deshidratado* (1 %), semilla de lino* (1 %), aceite de salmón (preservado con antioxidantes naturales), sal gema*, raíces de achicoria (FOS)*, productos de levaduras (MOS), algas marinas deshidratadas* (500 mg/kg), glucosamina (500 mg/kg), yucca shidigera, condroitín sulfato (100 mg/kg), arándanos* (100 mg/kg), té verde* (80 mg/kg), equinácea* (80 mg/kg), flor de manzanilla* (80 mg/kg), hinojo* (80 mg/kg).*INGREDIENTES NATURALES",https://www.ownat.com/cdnassets/New-Ultra/ow-ultra-maxi-junior-saco-front.jpg,,
OWNAT ULTRA MINI ADULTO (PERRO),Ownat,pienso-perros,perro,3 kg,19.56€,,"Alimento para perros adultos de razas pequeña, completo y equilibrado. Contiene un óptimo equilibrio de proteínas y grasas para satisfacer las elevadas necesidades energéticas de estas razas, evitando al mismo tiempo el sobrepeso. La forma y tamaño reducido de sus croquetas lo hacen muy apetecible y fácil de ingerir.","Alimento para perros adultos de razas pequeña, completo y equilibrado. Contiene un óptimo equilibrio de proteínas y grasas para satisfacer las elevadas necesidades energéticas de estas razas, evitando al mismo tiempo el sobrepeso. La forma y tamaño reducido de sus croquetas lo hacen muy apetecible y fácil de ingerir.","Pollo fresco* (15 % mín. antes de la cocción), pavo fresco* (15 % mín. antes de la cocción), pollo deshidratado (15 %), arroz* (10 %), grasa avícola (preservada con antioxidantes naturales), patata deshidratada* (8 %), batata deshidratada* (7 %), guisantes* (4 %), cerdo deshidratado (3 %), vaina de algarroba* (3 %), verduras y frutas frescas antes de la cocción (manzana* 1 %, zanahoria* 0,5 %, brócoli* 0,5 %), salmón deshidratado, proteína de pollo hidrolizada, semilla de lino* (1 %), levadura de cerveza inactivada* (1 %), pulpa de remolacha seca, aceite de salmón (preservado con antioxidantes naturales), huevo deshidratado* (0,5 %), sal gema*, raíces de achicoria (FOS)*, productos de levaduras (MOS), algas marinas deshidratadas* (500 mg/kg), glucosamina (500 mg/kg), yucca shidigera, condroitín sulfato (100 mg/kg), arándanos* (100 mg/kg), té verde* (80 mg/kg), equinácea* (80 mg/kg), flor de manzanilla* (80 mg/kg), hinojo* (80 mg/kg). *INGREDIENTES NATURALES",https://www.ownat.com/cdnassets/New-Ultra/ow-ultra-mini-adult-saco-front.jpg,,
OWNAT ULTRA MEDIANO ADULTO (PERRO),Ownat,pienso-perros,perro,3 kg; 12 kg,18.93€; 52.28€,,"Alimento para perros, completo y equilibrado que asegura una asimilación óptima del alimento gracias a las proteínas de la carne fresca y un aporte equilibrado de fibras alimenticias para regular el tránsito intestinal. Está diseñada para cubrir las necesidades nutricionales de los perros de razas medianas en fase adulta (entre 1 y 7 años) con un nivel de actividad normal.","Alimento para perros, completo y equilibrado que asegura una asimilación óptima del alimento gracias a las proteínas de la carne fresca y un aporte equilibrado de fibras alimenticias para regular el tránsito intestinal. Está diseñada para cubrir las necesidades nutricionales de los perros de razas medianas en fase adulta (entre 1 y 7 años) con un nivel de actividad normal.","Pollo deshidratado (20 %), pollo fresco* (15 % mín. antes de la cocción), pavo fresco* (15 % mín. antes de la cocción), arroz* (11 %), patata deshidratada* (9 %), grasa avícola (preservada con antioxidantes naturales), raíces de mandioca* (5 %), guisantes* (4 %), vaina de algarroba* (3 %), salmón deshidratado, verduras y frutas frescas antes de la cocción (manzana* 1 %, zanahoria* 0,5 %, brócoli* 0,5 %), proteína de pollo hidrolizada, levadura de cerveza inactivada* (2 %), semilla de lino* (1 %), pulpa de remolacha seca, aceite de salmón (preservado con antioxidantes naturales), huevo deshidratado* (0,5 %), sal gema*, raíces de achicoria (FOS)*, productos de levaduras (MOS), algas marinas deshidratadas* (500 mg/kg), glucosamina (500 mg/kg), yucca shidigera, condroitín sulfato (100 mg/kg), arándanos* (100 mg/kg), té verde* (80 mg/kg), equinácea* (80 mg/kg), flor de manzanilla* (80 mg/kg), hinojo* (80 mg/kg).*INGREDIENTES NATURALES",https://www.ownat.com/cdnassets/ow-ultra-medium-adult-saco-front.jpg,,
OWNAT ULTRA MEDIANO CORDERO (PERRO),Ownat,pienso-perros,perro,3 kg; 12 kg,22.22€; 63.30€,,"Alimento para perros. Elaborado con un 30% de carne fresca de cordero, está especialmente indicado para animales que presenten sensibilidad e intolerancias relacionadas con el pollo.","Alimento para perros. Elaborado con un 30% de carne fresca de cordero, está especialmente indicado para animales que presenten sensibilidad e intolerancias relacionadas con el pollo.","Cordero fresco* (30 % mín. antes de la cocción), arroz* (15 %), cerdo deshidratado (11 %), grasa avícola (preservada con antioxidantes naturales), raíces de mandioca* (8 %), patata deshidratada* (6 %), cordero deshidratado (6 %), guisantes* (4 %), vaina de algarroba* (3 %), verduras y frutas frescas antes de la cocción (manzana* 1 %, zanahoria* 0,5 %, calabaza* 0,5 %), proteína de pollo hidrolizada, levadura de cerveza inactivada* (1 %), pulpa de remolacha seca, semilla de lino* (1 %), aceite de salmón (preservado con antioxidantes naturales), huevo deshidratado* (0,5 %), sal gema*, raíces de achicoria (FOS)*, productos de levaduras (MOS), algas marinas deshidratadas* (500 mg/kg); glucosamina (500 mg/kg), yucca shidigera, condroitín sulfato (100 mg/kg), arándanos* (100 mg/kg), té verde* (80 mg/kg), equinácea* (80 mg/kg), flor de manzanilla* (80 mg/kg) hinojo* (80 mg/kg). *INGREDIENTES NATURALES",https://www.ownat.com/cdnassets/New-Ultra/ow-ultra-medium-lamb-saco-front.jpg,,
OWNAT ULTRA MEDIANO ESTERILIZADO (PERRO),Ownat,pienso-perros,perro,3 kg; 12 kg,20.00€; 56.45€,,"Comida para perros, en especial para perros de razas medianas esterilizados, que tienen menores necesidades energéticas y son más propensos al sobrepeso. Su composición ayuda al mantenimiento del peso ideal al incorporar una baja cantidad de grasas manteniendo al mismo tiempo una elevada proporción de proteínas para asegurar una óptima condición corporal.
","Comida para perros, en especial para perros de razas medianas esterilizados, que tienen menores necesidades energéticas y son más propensos al sobrepeso. Su composición ayuda al mantenimiento del peso ideal al incorporar una baja cantidad de grasas manteniendo al mismo tiempo una elevada proporción de proteínas para asegurar una óptima condición corporal.
","Pollo fresco* (15 % mín. antes de la cocción), pavo fresco* (15 % mín. antes de la cocción), pollo deshidratado (14 %), batata deshidratada* (10 %), arroz* (9 %), cerdo deshidratado (5 %), raíces de mandioca* (5 %), guisantes* (4 %), grasa avícola (preservada con antioxidantes naturales), avena* (4 %), vaina de algarroba* (3 %), pulpa de remolacha seca, verduras y frutas frescas antes de la cocción (manzana* 1 %, zanahoria* 0,5 %, brócoli* 0,5 %), salmón deshidratado, proteína de pollo hidrolizada, levadura de cerveza inactivada* (1 %), aceite de salmón (preservado con antioxidantes naturales), huevo deshidratado* (1 %), semilla de lino* (1 %), sal gema*, raíces de achicoria (FOS)*, productos de levaduras (MOS), algas marinas deshidratadas* (500 mg/kg), glucosamina (500 mg/kg), yucca shidigera, condroitín sulfato (100 mg/kg), arándanos* (100 mg/kg), té verde* (80 mg/kg), equinácea* (80 mg/kg), flor de manzanilla* (80 mg/kg), hinojo* (80 mg/kg). *INGREDIENTES NATURALES",https://www.ownat.com/cdnassets/New-Ultra/ow-ultra-medium-sterilized-saco-front.jpg,,
OWNAT ULTRA MEDIANO LIGHT (PERRO),Ownat,pienso-perros,perro,3 kg; 12 kg,19.86€; 55.86€,,"Alimento para perros. Especialmente formulado para perros con bajo nivel de actividad o con tendencia al sobrepeso. Con un aporte reducido de materias grasas que ayudan a recuperar y mantener el peso ideal, contiene al mismo tiempo una elevada proporción de proteínas de la máxima calidad que aseguran un buen mantenimiento y tonicidad de los músculos.","Alimento para perros. Especialmente formulado para perros con bajo nivel de actividad o con tendencia al sobrepeso. Con un aporte reducido de materias grasas que ayudan a recuperar y mantener el peso ideal, contiene al mismo tiempo una elevada proporción de proteínas de la máxima calidad que aseguran un buen mantenimiento y tonicidad de los músculos.","Pavo fresco* (30 % mín. antes de la cocción), pollo deshidratado (17 %), batata deshidratada* (10 %), arroz* (9 %), raíces de mandioca* (9 %), guisantes* (4 %), avena* (4 %), cerdo deshidratado (3 %), vaina de algarroba* (3 %), pulpa de remolacha seca, grasa avícola (preservada con antioxidantes naturales), verduras y frutas frescas antes de la cocción (manzana* 1 %, zanahoria* 0,5 %, brócoli* 0,5 %), proteína de pollo hidrolizada, levadura de cerveza inactivada* (1 %), aceite de salmón (preservado con antioxidantes naturales), sal gema*, raíces de achicoria (FOS)*, productos de levaduras (MOS), algas marinas deshidratadas* (500 mg/kg), glucosamina (500 mg/kg), yucca shidigera, condroitín sulfato (100 mg/kg), arándanos* (100 mg/kg), té verde* (80 mg/kg), equinácea* (80 mg/kg), flor de manzanilla* (80 mg/kg), hinojo* (80 mg/kg).*INGREDIENTES NATURALES",https://www.ownat.com/cdnassets/New-Ultra/ow-ultra-medium-light-saco-front.jpg,,
OWNAT ULTRA MAXI ADULTO (PERRO),Ownat,pienso-perros,perro,3 kg; 12 kg,19.58€; 55.11€,,Comida para perros. Específicamente diseñado para cubrir las necesidades nutricionales de los perros de gran tamaño (26-28 kgs en adelante). Sus croquetas más grandes estimulan la masticación y provocan que ingiera más lentamente.,Comida para perros. Específicamente diseñado para cubrir las necesidades nutricionales de los perros de gran tamaño (26-28 kgs en adelante). Sus croquetas más grandes estimulan la masticación y provocan que ingiera más lentamente.,"Pollo deshidratado (20 %), pollo fresco* (15 % mín. antes de la cocción), pavo fresco* (15 % mín. antes de la cocción), arroz* (11 %), patata deshidratada* (9 %), grasa avícola (preservada con antioxidantes naturales), raíces de mandioca* (6 %), guisantes* (4 %), vaina de algarroba* (3 %), verduras y frutas frescas antes de la cocción (manzana* 1 %, zanahoria* 0,5 %, brócoli* 0,5 %), cerdo deshidratado (2 %), proteína de pollo hidrolizada, levadura de cerveza inactivada* (1 %), semilla de lino* (1 %), aceite de salmón (preservado con antioxidantes naturales), pulpa de remolacha seca, sal gema*, raíces de achicoria (FOS)*, productos de levaduras (MOS), algas marinas deshidratadas* (500 mg/kg), glucosamina (500 mg/kg), yucca shidigera, condroitín sulfato (100 mg/kg), arándanos* (100 mg/kg), té verde* (80 mg/kg), equinácea* (80 mg/kg), flor de manzanilla* (80 mg/kg), hinojo* (80 mg/kg). *INGREDIENTES NATURALES",https://www.ownat.com/cdnassets/New-Ultra/ow-ultra-maxi-adult-saco-front.jpg,,
OWNAT GF JUST ADULTO POLLO (PERRO),Ownat,pienso-perros,perro,3 kg; 14 kg,16.07€; 56.25€,,"Alimento para perros de todas las razas en fase adulta, está elaborado con un 20% de carne fresca y muy rico en ingredientes de origen animal, que aportan proteínas de la máxima calidad, un sabor y una apetencia excepcionales y aseguran un mayor aprovechamiento de los nutrientes.","Alimento para perros de todas las razas en fase adulta, está elaborado con un 20% de carne fresca y muy rico en ingredientes de origen animal, que aportan proteínas de la máxima calidad, un sabor y una apetencia excepcionales y aseguran un mayor aprovechamiento de los nutrientes.","Pollo deshidratado (30%), pollo fresco* (mín. 20% antes de la extrusión), guisantes* (14%), grasa avícola (preservada con antioxidantes naturales), raíces de mandioca* (6%), patata deshidratada* (5%), vaina de algarroba* (5%), cerdo deshidratado (4%), proteína hidrolizada de pollo, pescado deshidratado, levadura de cerveza inactivada* (1%), pulpa de remolacha seca, manzana* (1%), semilla de lino* (1%), sal gema*, aceite de salmón (preservado con antioxidantes naturales), fructo y manano oligosacáridos, algas marinas deshidratadas* (500 mg/kg), glucosamina (500 mg/kg), yucca schidigera, condroitín sulfato (100 mg/kg), arándanos* (100 mg/kg), tomillo* (80 mg/kg), flor de manzanilla* (80 mg/kg), hinojo* (80 mg/kg), equinácea* (80 mg/kg), té verde* (80 mg/kg). *INGREDIENTES NATURALES",https://www.ownat.com/cdnassets/ow-just-grain-free-adult-chicken-dog-saco-front_l.jpg,,
OWNAT GF JUST ADULTO CORDERO (PERRO),Ownat,pienso-perros,perro,3 kg; 14 kg,16.59€; 62.77€,,"Alimento para perros en fase adulta, completo y equilibrado, con un nivel de actividad normal. Con un 20% de carne fresca de cordero, está especialmente indicado para animales que presenten sensibilidad e intolerancias relacionadas con el pollo o los cereales.","Alimento para perros en fase adulta, completo y equilibrado, con un nivel de actividad normal. Con un 20% de carne fresca de cordero, está especialmente indicado para animales que presenten sensibilidad e intolerancias relacionadas con el pollo o los cereales.","Cerdo deshidratado (32 %), cordero fresco* (20 % mín. antes de la extrusión), guisantes* (12 %), manteca (preservada con antioxidantes naturales), cordero deshidratado (6 %), raíces de mandioca* (6 %), vaina de algarroba* (6 %), patata deshidratada* (4 %), levadura de cerveza inactivada* (1 %), pulpa de remolacha seca, manzana* (1 %), semilla de lino* (1 %), aceite de salmón (preservado con antioxidantes naturales), sal gema*, fructo y manano oligosacáridos, algas marinas deshidratadas* (500 mg/kg), glucosamina (500 mg/kg), yucca shidigera, condroitín sulfato (100 mg/kg), arándanos* (100 mg/kg), té verde* (80 mg/kg), equinácea* (80 mg/kg), flor de manzanilla* (80 mg/kg), hinojo* (80 mg/kg), tomillo* (80 mg/kg). *INGREDIENTES NATURALES",https://www.ownat.com/cdnassets/ow-just-grain-free-adult-lamb-saco-front_l.jpg,,
OWNAT GF JUST SALMÓN Y MARISCO (PERRO),Ownat,pienso-perros,perro,3 kg; 14 kg,16.56€; 61.86€,,"Comida para perros. Es un alimento completo, indicado para perros de todas las razas. Con un 20% de salmón y marisco fresco, ofrece un aporte de proteínas de alta calidad, un excelente sabor y un contenido adicional en omega 3 que protege el sistema inmunitario y ayuda a mantener la piel sana y el pelo sedoso y brillante.","Comida para perros. Es un alimento completo, indicado para perros de todas las razas. Con un 20% de salmón y marisco fresco, ofrece un aporte de proteínas de alta calidad, un excelente sabor y un contenido adicional en omega 3 que protege el sistema inmunitario y ayuda a mantener la piel sana y el pelo sedoso y brillante.","Pescado 37% (salmón fresco* mín. 10% antes de la extrusión, marisco fresco* mín. 10% antes de la extrusión, proteína de salmón hidrolizada 10% y salmón deshidratado 7%), pollo deshidratado (28%), guisantes* (10%), grasa avícola (preservada con antioxidantes naturales), raíces de mandioca* (5%), vaina de algarroba* (3%), patata deshidratada* (3%), proteína hidrolizada de pollo, pulpa de remolacha seca, levadura de cerveza inactivada* (1%), manzana* (1%), semilla de lino* (1%), sal gema*, aceite de salmón (preservado con antioxidantes naturales), fructo y manano oligosacáridos, algas marinas deshidratadas* (500 mg/kg), glucosamina (500 mg/kg), yucca schidigera, condroitín sulfato (100 mg/kg), arándanos* (100 mg/kg), tomillo* (80 mg/kg), flor de manzanilla* (80 mg/kg), hinojo* (80 mg/kg), equinácea* (80 mg/kg), té verde* (80 mg/kg).*INGREDIENTES NATURALES",https://www.ownat.com/cdnassets/ow-just-grain-free-salmon-seafood-saco-front_l.jpg,,
OWNAT GF JUST PATO (PERRO),Ownat,pienso-perros,perro,3 kg; 14 kg,16.46€; 61.26€,,"Alimento para perros. Elaborado con un 20% de pato fresco que aporta proteínas de alto valor biológico y un sabor excepcional, con gran variedad de ingredientes naturales seleccionados. Adecuado para cubrir las necesidades nutricionales de los perros adultos de todas las razas.","Alimento para perros. Elaborado con un 20% de pato fresco que aporta proteínas de alto valor biológico y un sabor excepcional, con gran variedad de ingredientes naturales seleccionados. Adecuado para cubrir las necesidades nutricionales de los perros adultos de todas las razas.","Pato 30% (pato fresco* mín. 20% antes de la extrusión, pato deshidratado 10%), pollo deshidratado (26%), patata deshidratada* (9%), guisantes* (8%), grasa avícola (preservada con antioxidantes naturales), raíces de mandioca* (5%), vaina de algarroba* (5%), proteína hidrolizada de pollo, levadura de cerveza inactivada* (1%), pulpa de remolacha seca, manzana* (1%), aceite de salmón (preservado con antioxidantes naturales), semilla de lino* (1%), sal gema*, fructo y manano oligosacáridos, algas marinas deshidratadas* (500 mg/kg), glucosamina (500 mg/kg), yucca schidigera, condroitín sulfato (100 mg/kg), arándanos* (100 mg/kg), tomillo* (80 mg/kg), flor de manzanilla* (80 mg/kg), hinojo* (80 mg/kg), equinácea* (80 mg/kg), té verde* (80 mg/kg). *INGREDIENTES NATURALES",https://www.ownat.com/cdnassets/ow-just-grain-free-duck-saco-front_l.jpg,,
OWNAT GF JUST LIGHT (PERRO),Ownat,pienso-perros,perro,3 kg; 14 kg,16.13€; 56.66€,,"Alimento para perros. Especialmente indicado para perros con un nivel de actividad bajo o con tendencia al sobrepeso. Contiene un aporte reducido de materias grasas que ayudan a recuperar y mantener el peso ideal, incluyendo al mismo tiempo una elevada proporción de proteínas de la máxima calidad para asegurar un buen mantenimiento y tonicidad de los músculos.","Alimento para perros. Especialmente indicado para perros con un nivel de actividad bajo o con tendencia al sobrepeso. Contiene un aporte reducido de materias grasas que ayudan a recuperar y mantener el peso ideal, incluyendo al mismo tiempo una elevada proporción de proteínas de la máxima calidad para asegurar un buen mantenimiento y tonicidad de los músculos.","Pollo deshidratado (26%), pollo fresco* (mín. 20% antes de la extrusión), guisantes* (10%), cerdo deshidratado (8%), raíces de mandioca* (7%), patata deshidratada* (6%), grasa avícola (preservada con antioxidantes naturales), vaina de algarroba* (4%), proteína hidrolizada de pollo, pescado deshidratado, levadura de cerveza inactivada* (1%), pulpa de remolacha seca, manzana* (1%), semilla de lino* (1%), aceite de salmón (preservado con antioxidantes naturales), sal gema*, fructo y manano oligosacáridos, algas marinas deshidratadas* (500 mg/kg), glucosamina (500 mg/kg), yucca schidigera, condroitín sulfato (100 mg/kg), arándanos* (100 mg/kg), tomillo* (80 mg/kg), flor de manzanilla* (80 mg/kg), hinojo* (80 mg/kg), equinácea* (80 mg/kg), té verde* (80 mg/kg). *INGREDIENTES NATURALES",https://www.ownat.com/cdnassets/ow-GF-light-saco-front_l.jpg,,
OWNAT GF JUST JÚNIOR (PERRO),Ownat,pienso-perros,perro,3 kg; 14 kg,16.43€; 61.97€,,"Comida para perros. Especialmente elaborado para cachorros desde el destete (alrededor de los 2 meses) hasta el final de su crecimiento. Con un elevado aporte energético y muy rico en proteínas de alta digestibilidad, para favorecer un crecimiento adecuado.","Comida para perros. Especialmente elaborado para cachorros desde el destete (alrededor de los 2 meses) hasta el final de su crecimiento. Con un elevado aporte energético y muy rico en proteínas de alta digestibilidad, para favorecer un crecimiento adecuado.","Pollo fresco* (20 % mín. antes de la extrusión), pollo deshidratado (16 %), cerdo deshidratado (14 %), guisantes* (9 %), patata deshidratada* (9 %), grasa avícola (preservada con antioxidantes naturales), raíces de mandioca* (7 %), salmón deshidratado (6 %), proteína hidrolizada de pollo, levadura de cerveza inactivada* (2 %), pulpa de remolacha seca, manzana* (1 %), aceite de salmón (preservado con antioxidantes naturales), sal gema*, fructo y manano oligosacáridos, algas marinas deshidratadas* (500 mg/kg), glucosamina (500 mg/kg), yucca shidigera, condroitín sulfato (100 mg/kg), arándanos* (100 mg/kg), tomillo* (80 mg/kg), flor de manzanilla* (80 mg/kg), hinojo* (80 mg/kg), equinácea* (80 mg/kg), té verde* (80 mg/kg). *INGREDIENTES NATURALES",https://www.ownat.com/cdnassets/ow-GF-junior-saco-front_l.jpg,,
OWNAT GF JUST TRUCHA (PERRO),Ownat,pienso-perros,perro,3 kg; 14 kg,16.82€; 62.32€,,"Comida para perros. Elaborado con un 20% de trucha fresca aporta proteínas de máxima calidad nutricional y un alto nivel de ácidos grasos omega 3 que benefician la salud de la piel, el pelo y el sistema inmunitario. Asimismo, la proporción equilibrada de sus ingredientes asegura una óptima nutrición para perros adultos.","Comida para perros. Elaborado con un 20% de trucha fresca aporta proteínas de máxima calidad nutricional y un alto nivel de ácidos grasos omega 3 que benefician la salud de la piel, el pelo y el sistema inmunitario. Asimismo, la proporción equilibrada de sus ingredientes asegura una óptima nutrición para perros adultos.","Trucha 32% (trucha fresca* mín. 20% antes de la extrusión, trucha deshidratada 12%), cerdo deshidratado (28%), guisantes* (10%), grasa avícola (preservada con antioxidantes naturales), patata deshidratada* (6%), vaina de algarroba* (5%), raíces de mandioca* (4%), proteína hidrolizada de pollo, pulpa de remolacha seca, levadura de cerveza inactivada* (1%), manzana* (1%), semilla de lino* (1%), aceite de salmón (preservado con antioxidantes naturales), sal gema*, fructo y manano oligosacáridos, algas marinas deshidratadas* (500 mg/kg), glucosamina (500 mg/kg), yucca schidigera, condroitín sulfato (100 mg/kg), arándanos* (100 mg/kg), tomillo* (80 mg/kg), flor de manzanilla* (80 mg/kg), hinojo* (80 mg/kg), equinácea* (80 mg/kg), té verde* (80 mg/kg). *INGREDIENTES NATURALES",https://www.ownat.com/cdnassets/ow-just-grain-free-trout-saco-front_l.jpg,,
OWNAT GF PRIME JÚNIOR POLLO Y PAVO (PERRO),Ownat,pienso-perros,perro,3 kg; 12 kg,22.89€; 66.68€,,"Alimento para perros, indicado para cachorros desde el destete hasta el final de su crecimiento. Ofrece un aporte energético elevado y es rico en proteínas de alta digestibilidad, requisitos para potenciar un crecimiento adecuado. Asimismo, la proporción equilibrada de calcio y fósforo asegura el óptimo desarrollo de huesos y dientes.","Alimento para perros, indicado para cachorros desde el destete hasta el final de su crecimiento. Ofrece un aporte energético elevado y es rico en proteínas de alta digestibilidad, requisitos para potenciar un crecimiento adecuado. Asimismo, la proporción equilibrada de calcio y fósforo asegura el óptimo desarrollo de huesos y dientes.","Pollo fresco* (25 % mín. antes de la extrusión), pavo fresco* (25 % mín. antes de la extrusión), pollo deshidratado (13 %), guisantes* (6 %), grasa avícola (preservada con antioxidantes naturales), cerdo deshidratado (5 %), raíces de mandioca* (5 %), patata deshidratada* (5 %), pescado deshidratado (anchoveta, jurel y caballa), proteína hidrolizada de pollo, pulpa de remolacha seca, huevo deshidratado* (1 %), manzana* (1 %), levadura de cerveza inactivada* (1 %), vaina de algarroba* (1 %), aceite de salmón (preservado con antioxidantes naturales), sal gema*, fructo y manano oligosacáridos, algas marinas deshidratadas* (500 mg/kg), glucosamina (500 mg/kg), yucca shidigera, condroitín sulfato (100 mg/kg), arándanos* (100 mg/kg), tomillo* (80 mg/kg), flor de manzanilla* (80 mg/kg), hinojo* (80 mg/kg), equinácea* (80 mg/kg), té verde* (80 mg/kg). *INGREDIENTES NATURALES",https://www.ownat.com/cdnassets/ow-grain-free-prime-junior-chicken-turkey-saco-front_l.jpg,,
OWNAT GF PRIME PESCADO AZUL (PERRO),Ownat,pienso-perros,perro,3 kg; 12 kg,24.74€; 72.63€,,"Alimento completo apto para todas las razas de perros. Con un 35 % de pescado azul fresco que aporta proteínas de alta calidad, un sabor irresistible y un alto contenido en omega-3 que ayuda a mantener la piel sana y el pelo sedoso y brillante.","Alimento completo apto para todas las razas de perros. Con un 35 % de pescado azul fresco que aporta proteínas de alta calidad, un sabor irresistible y un alto contenido en omega-3 que ayuda a mantener la piel sana y el pelo sedoso y brillante.","Pescado azul fresco* (mín. 35% antes de la extrusión), pollo deshidratado (20%), proteína de salmón hidrolizada (9%), grasa de ave (conservada con antioxidantes naturales), guisantes* (7%), raíces de yuca* (5%), salmón deshidratado (4%), vainas de algarroba* (2%), patata deshidratada* (2%), proteína de pollo hidrolizada, levadura de cerveza inactivada* (1%), manzana* (1%), pulpa de remolacha seca, aceite de salmón (conservado con antioxidantes naturales), sal de roca*, fructo- y manano-oligosacáridos, algas marinas deshidratadas* (500 mg/kg), glucosamina (500 mg/kg), yucca schidigera, sulfato de condroitina (100 mg/kg), arándanos* (100 mg/kg), tomillo* (80 mg/kg), flor de manzanilla* (80 mg/kg), hinojo* (80 mg/kg), equinácea* (80 mg/kg), té verde* (80 mg/kg). *INGREDIENTES NATURALES",https://www.ownat.com/cdnassets/ow-GF-adult-oily-fish-saco-front_l.jpg,,
OWNAT GF PRIME ADULTO CORDERO (PERRO),Ownat,pienso-perros,perro,3 kg; 12 kg,23.75€; 70.98€,,Alimento para perros. Elaborado con un 40% de cordero fresco como fuente alternativa de proteína de gran apetencia está especialmente indicado para aquellos perros de razas medias y maxi en edad adulta que presentan sensibilidades o intolerancias relacionadas con el pollo o los cereales.,Alimento para perros. Elaborado con un 40% de cordero fresco como fuente alternativa de proteína de gran apetencia está especialmente indicado para aquellos perros de razas medias y maxi en edad adulta que presentan sensibilidades o intolerancias relacionadas con el pollo o los cereales.,"Cordero fresco* (min. 40% antes de la extrusión), cerdo deshidratado (15%), manteca (preservada con antioxidantes naturales), cordero deshidratado (8%), guisantes* (6%), raíces de mandioca* (5%), patata deshidratada* (3%), vaina de algarroba* (2%), levadura de cerveza inactivada* (1%), pulpa de remolacha seca, manzana* (1%), aceite de salmón (preservado con antioxidantes naturales), sal gema*, fructo y manano oligosacáridos, algas marinas deshidratadas* (500 mg/kg), glucosamina (500 mg/kg), yucca schidigera, condroitín sulfato (100 mg/kg), arándanos* (100 mg/kg), tomillo* (80 mg/kg), flor de manzanilla* (80 mg/kg), hinojo* (80 mg/kg), equinácea* (80 mg/kg), té verde* (80 mg/kg). *INGREDIENTES NATURALES",https://www.ownat.com/cdnassets/ow-GF-adult-lamb-saco-front_l.jpg,,
OWNAT GF PRIME JÚNIOR CORDERO (PERRO),Ownat,pienso-perros,perro,3 kg; 12 kg,23.83€; 71.20€,,"Comida para perros, especialmente indicado para aquellos cachorros (desde los 2-3 meses hasta el final de su crecimiento) que presentan sensibilidad o intolerancias relacionadas con el pollo. Con un 40% de cordero fresco, ofrece un aporte energético elevado y rico en proteínas para dar respuesta a los elevados requerimientos de su organismo en desarrollo.","Comida para perros, especialmente indicado para aquellos cachorros (desde los 2-3 meses hasta el final de su crecimiento) que presentan sensibilidad o intolerancias relacionadas con el pollo. Con un 40% de cordero fresco, ofrece un aporte energético elevado y rico en proteínas para dar respuesta a los elevados requerimientos de su organismo en desarrollo.","Cordero fresco* (40 % mín. antes de la extrusión), cerdo deshidratado (15 %), guisantes* (8 %), manteca (preservada con antioxidantes naturales), raíces de mandioca* (6 %), cordero deshidratado (5 %), patata deshidratada* (5 %), pescado deshidratado (anchoveta, jurel y caballa), levadura de cerveza inactivada* (2 %), vaina de algarroba* (2 %), pulpa de remolacha seca, huevo deshidratado* (1 %), manzana* (1 %), semilla de lino* (1 %), aceite de salmón (preservado con antioxidantes naturales), sal gema*, fructo y manano oligosacáridos, algas marinas deshidratadas* (500 mg/kg), glucosamina (500 mg/kg), yucca shidigera, condroitín sulfato (100 mg/kg), arándanos* (100 mg/kg), tomillo* (80 mg/kg), flor de manzanilla* (80 mg/kg), hinojo* (80 mg/kg), equinácea* (80 mg/kg), té verde* (80 mg/kg). *INGREDIENTES NATURALES",https://www.ownat.com/cdnassets/ow-grain-free-prime-junior-lamb-saco-front_l.jpg,,
OWNAT GF PRIME ADULTO POLLO Y PAVO (PERRO),Ownat,pienso-perros,perro,3 kg; 12 kg,22.44€; 64.91€,,"Comida para perros. Su elaboración, con un 50% de carne fresca de pollo y pavo, aporta proteínas de máxima calidad nutricional, las más digestibles y apetentes. Adult se ha formulado para cubrir las necesidades nutricionales de perros en fase adulta con un nivel de actividad normal.","Comida para perros. Su elaboración, con un 50% de carne fresca de pollo y pavo, aporta proteínas de máxima calidad nutricional, las más digestibles y apetentes. Adult se ha formulado para cubrir las necesidades nutricionales de perros en fase adulta con un nivel de actividad normal.","Pollo fresco* (25 % mín. antes de la extrusión), pavo fresco* (25 % mín. antes de la extrusión), pollo deshidratado (12 %), raíces de mandioca* (6 %), cerdo deshidratado (6 %), guisantes* (5 %), grasa avícola (preservada con antioxidantes naturales), pescado deshidratado (anchoveta, jurel y caballa), vaina de algarroba* (3 %), patata deshidratada* (3 %), proteína de pollo hidrolizada, pulpa de remolacha seca, huevo deshidratado* (1 %), manzana* (1 %), levadura de cerveza inactivada* (1 %), aceite de salmón (preservado con antioxidantes naturales), sal gema*, fructo y manano oligosacáridos, algas marinas deshidratadas* (500 mg/kg), glucosamina (500 mg/kg), yucca shidigera, condroitín sulfato (100 mg/kg), arándanos* (100 mg/kg), té verde* (80 mg/kg), equinácea* (80 mg/kg), flor de manzanilla* (80 mg/kg), hinojo* (80 mg/kg), tomillo* (80 mg/kg). *INGREDIENTES NATURALES",https://www.ownat.com/cdnassets/ow-grain-free-prime-adult-chicken-turkey-dog-saco-front_l.jpg,,
OWNAT GF PRIME MINI POLLO Y PAVO (PERRO),Ownat,pienso-perros,perro,1 kg; 3 kg,8.22€; 22.44€,,"Alimento para perros de entre 1 kg y 10 Kg en edad adulta, está especialmente formulado con elevados aportes calóricos y muy rico en proteínas para dar respuesta a los altos requerimientos metabólicos de las razas mini. Sus croquetas de forma y tamaño reducidos así cómo su gran apetitosidad lo hacen adecuado para los paladares más exigentes.","Alimento para perros de entre 1 kg y 10 Kg en edad adulta, está especialmente formulado con elevados aportes calóricos y muy rico en proteínas para dar respuesta a los altos requerimientos metabólicos de las razas mini. Sus croquetas de forma y tamaño reducidos así cómo su gran apetitosidad lo hacen adecuado para los paladares más exigentes.","Pollo fresco* (25 % mín. antes de la extrusión), pavo fresco* (25 % mín. antes de la extrusión), pollo deshidratado (14 %), guisantes* (9 %), grasa avícola (preservada con antioxidantes naturales), raíces de mandioca* (5 %), patata deshidratada* (3 %), pescado deshidratado (anchoveta, jurel y caballa), cerdo deshidratado (2 %), vaina de algarroba* (2 %), huevo deshidratado* (1 %), levadura de cerveza inactivada* (1 %), proteína de pollo hidrolizada, manzana* (1 %), aceite de salmón (preservado con antioxidantes naturales), pulpa de remolacha seca, sal gema*, fructo y manano oligosacáridos, algas marinas deshidratadas* (500 mg/kg), glucosamina (500 mg/kg), yucca shidigera, condroitín sulfato (100 mg/kg), arándanos* (100 mg/kg), té verde* (80 mg/kg), equinácea* (80 mg/kg), flor de manzanilla* (80 mg/kg), hinojo* (80 mg/kg), tomillo* (80 mg/kg). *INGREDIENTES NATURALES",https://www.ownat.com/cdnassets/ow-grain-free-prime-mini-chicken-turkey-saco-front_l.jpg,,
OWNAT GF PRIME MINI CORDERO (PERRO),Ownat,pienso-perros,perro,1 kg; 3 kg,9.14€; 23.81€,,"Alimento especialmente indicado para perros adultos de entre 1 y 10 kg con sensibilidad o intolerancia al pollo. Contiene un 40 % de cordero fresco, tiene un alto contenido calórico y es muy rico en proteínas, satisfaciendo las elevadas necesidades metabólicas de las razas miniatura. Sus croquetas, de tamaño reducido y muy apetitosas, son ideales incluso para los paladares más exigentes.","Alimento especialmente indicado para perros adultos de entre 1 y 10 kg con sensibilidad o intolerancia al pollo. Contiene un 40 % de cordero fresco, tiene un alto contenido calórico y es muy rico en proteínas, satisfaciendo las elevadas necesidades metabólicas de las razas miniatura. Sus croquetas, de tamaño reducido y muy apetitosas, son ideales incluso para los paladares más exigentes.","Cordero fresco* (40 % mín. antes de la extrusión), cerdo deshidratado (22 %), raíces de yuca* (7 %), guisantes* (7 %), cordero deshidratado (7 %), manteca de cerdo (conservada con antioxidantes naturales), vainas de algarroba* (3 %), patata deshidratada* (3 %), levadura de cerveza inactivada* (1 %), manzana* (1 %), aceite de salmón (conservado con antioxidantes naturales), pulpa de remolacha seca, sal de roca*, fructo- y manano-oligosacáridos, algas marinas deshidratadas* (500 mg/kg), glucosamina (500 mg/kg), yucca shidigera, sulfato de condroitina (100 mg/kg), arándanos rojos* (100 mg/kg), tomillo* (80 mg/kg), flor de manzanilla* (80 mg/kg), hinojo* (80 mg/kg), equinácea* (80 mg/kg), té verde* (80 mg/kg). *INGREDIENTES NATURALES",https://www.ownat.com/cdnassets/ow-grain-free-prime-mini-lamb-saco-front_l.jpg,,
OWNAT GF PRIME SENIOR POLLO Y PAVO (PERRO),Ownat,pienso-perros,perro,3 kg; 12 kg,22.89€; 66.68€,,"Alimento para perros a partir de los 7- 8 años. Con un 50% de carne fresca de pollo y pavo, y un aporte adicional de sulfato de condroitina y de glucosamina que ayuda a mantener la masa muscular, las articulaciones y los cartílagos del perro en óptimas condiciones durante su envejecimiento.","Alimento para perros a partir de los 7- 8 años. Con un 50% de carne fresca de pollo y pavo, y un aporte adicional de sulfato de condroitina y de glucosamina que ayuda a mantener la masa muscular, las articulaciones y los cartílagos del perro en óptimas condiciones durante su envejecimiento.","Pollo fresco* (mín. 25% antes de la extrusión), pavo fresco* (mín. 25% antes de la extrusión), pollo deshidratado (13%), guisantes* (9%), raíces de mandioca* (7%), grasa avícola (preservada con antioxidantes naturales), pescado deshidratados (anchoveta, jurel y caballa), patata deshidratada* (3%), huevo deshidratado* (2%), cerdo deshidratado (2%), levadura de cerveza inactivada* (1%), manzana* (1%), vaina de algarroba* (1%), pulpa de remolacha seca, proteína de pollo hidrolizada, semilla de lino* (1%), aceite de salmón (preservado con antioxidantes naturales), sal gema*, fructo y manano oligosacáridos, glucosamina (1.000 mg/kg), algas marinas deshidratadas* (500 mg/kg), yucca schidigera, condroitín sulfato (200 mg/kg), arándanos* (100 mg/kg), tomillo* (80 mg/kg), flor de manzanilla* (80 mg/kg), hinojo* (80 mg/kg), equinácea* (80 mg/kg), té verde* (80 mg/kg). *INGREDIENTES NATURALES",https://www.ownat.com/cdnassets/ow-grain-free-prime-senior-chicken-turkey-saco-front_l.jpg,,
OWNAT GF HIPOALERGÉNICO CORDERO (PERRO),Ownat,pienso-perros,perro,3 kg; 12 kg,26.36€; 75.19€,,"Comida para perros. Su formulación sin cereales y con cordero como única fuente de proteína animal hace que sea una alternativa excelente para discriminar alergias e intolerancias. Contiene un 50% de cordero fresco que aporta proteínas de alto valor biológico, un sabor y una apetencia excepcionales y asegura un mayor aprovechamiento de los nutrientes.","Comida para perros. Su formulación sin cereales y con cordero como única fuente de proteína animal hace que sea una alternativa excelente para discriminar alergias e intolerancias. Contiene un 50% de cordero fresco que aporta proteínas de alto valor biológico, un sabor y una apetencia excepcionales y asegura un mayor aprovechamiento de los nutrientes.","Cordero fresco* (50 % mín. antes de la extrusión), cordero deshidratado (14 %), raíces de mandioca* (9 %), guisantes* (9 %), grasas animales (preservada con antioxidantes naturales), patata deshidratada* (4 %), vaina de algarroba* (3 %), manzana* (1 %), pulpa de remolacha seca, aceite de salmón (preservado con antioxidantes naturales), sal gema*, fructo y manano oligosacáridos, algas marinas deshidratadas* (500 mg/kg), glucosamina (500 mg/kg), yucca shidigera, condroitín sulfato (100 mg/kg), arándanos* (100 mg/kg), tomillo* (80 mg/kg), flor de manzanilla* (80 mg/kg), hinojo* (80 mg/kg), equinácea* (80 mg/kg), té verde* (80 mg/kg). *INGREDIENTES NATURALES",https://www.ownat.com/cdnassets/ow-gf-hypo-lamb-saco-front_l.jpg,,
OWNAT GF HIPOALERGÉNICO SALMÓN (PERRO),Ownat,pienso-perros,perro,3 kg; 12 kg,26.88€; 74.01€,,"Alimento para perros, de alta gama, especialmente elaborado con salmón como única fuente de proteína animal y libre de cereales. Supone una alternativa excelente para discriminar alergias e intolerancias. Además, el salmón incorpora unos niveles óptimos de ácidos grasos esenciales muy importantes para poder mantener una piel sana y un pelo sedoso y brillante.","Alimento para perros, de alta gama, especialmente elaborado con salmón como única fuente de proteína animal y libre de cereales. Supone una alternativa excelente para discriminar alergias e intolerancias. Además, el salmón incorpora unos niveles óptimos de ácidos grasos esenciales muy importantes para poder mantener una piel sana y un pelo sedoso y brillante.","Salmón fresco* (min. 30% antes de la extrusión), salmón deshidratado (16%), proteína de salmón hidrolizada (14%), guisantes* (12%), raíces de mandioca* (9%), grasa animal (preservada con antioxidantes naturales), vaina de algarroba* (5%), patata deshidratada* (5%), manzana* (1%), pulpa de remolacha seca, aceite de salmón (preservado con antioxidantes naturales), sal gema*, fructo y manano oligosacáridos, algas marinas deshidratadas* (500 mg/kg), glucosamina (500 mg/kg), yucca schidigera, condroitín sulfato (100 mg/kg), arándanos* (100 mg/kg), tomillo* (80 mg/kg), flor de manzanilla* (80 mg/kg), hinojo* (80 mg/kg), equinácea* (80 mg/kg), té verde* (80 mg/kg).*INGREDIENTES NATURALES",https://www.ownat.com/cdnassets/ow-gf-hypo-salmon-saco-front_l.jpg,,
OWNAT GF HIPOALERGÉNICO MINI CORDERO (PERRO),Ownat,pienso-perros,perro,1 kg; 3 kg,13.30€; 27.40€,,"Alimento para perros. Especialmente indicado para aquellos perros entre 1 kg y 10 kg en edad adulta que resentan sensibilidad o intolerancias digestivas o cutáneas, supone una alternativa excelente para discriminar alergias e intolerancias a otras fuentes de proteínas. Su formulación con un 50% de cordero fresco, elevados aportes calóricos y muy rico en proteínas, da respuesta a los altos requerimientos metabólicos de las razas mini.","Alimento para perros. Especialmente indicado para aquellos perros entre 1 kg y 10 kg en edad adulta que resentan sensibilidad o intolerancias digestivas o cutáneas, supone una alternativa excelente para discriminar alergias e intolerancias a otras fuentes de proteínas. Su formulación con un 50% de cordero fresco, elevados aportes calóricos y muy rico en proteínas, da respuesta a los altos requerimientos metabólicos de las razas mini.","Cordero fresco* (min. 50% antes de la extrusión), cordero deshidratado (14%), guisantes* (9%), grasa animal (preservada con antioxidantes naturales), raíces de mandioca* (7%), vaina de algarroba* (3%), patata deshidratada* (3%), manzana* (1%), pulpa de remolacha seca, aceite de salmón (preservado con antioxidantes naturales), sal gema*, fructo y manano oligosacáridos, algas marinas deshidratadas* (500 mg/kg), glucosamina (500 mg/kg), yucca schidigera, condroitín sulfato (100 mg/kg), arándanos* (100 mg/kg), tomillo* (80 mg/kg), flor de manzanilla* (80 mg/kg), hinojo* (80 mg/kg), equinácea* (80 mg/kg), té verde* (80 mg/kg). *INGREDIENTES NATURALES",https://www.ownat.com/cdnassets/ow-GF-hypo-allergenic-mini-lamb-saco-front_l.jpg,,
OWNAT GF HIPOALERGÉNICO CERDO (PERRO),Ownat,pienso-perros,perro,3 kg; 12 kg,24.89€; 68.33€,,"Comida para perros. Elaborado sin cereales y exclusivamente con carne de cerdo como única fuente de proteína animal, supone una alternativa excelente para discriminar alergias e intolerancias a otras fuentes de proteínas. Contiene un 50% de cerdo fresco que aporta proteínas de alto valor biológico, un sabor y una apetencia excepcionales y asegura un mayor aprovechamiento de los nutrientes.","Comida para perros. Elaborado sin cereales y exclusivamente con carne de cerdo como única fuente de proteína animal, supone una alternativa excelente para discriminar alergias e intolerancias a otras fuentes de proteínas. Contiene un 50% de cerdo fresco que aporta proteínas de alto valor biológico, un sabor y una apetencia excepcionales y asegura un mayor aprovechamiento de los nutrientes.","Cerdo ibérico fresco* (45 % mín. antes de la extrusión), cerdo ibérico deshidratado (16 %), raíces de mandioca* (14 %), manteca (preservada con antioxidantes naturales), patata deshidratada* (6 %), vaina de algarroba* (4 %), levadura de cerveza inactivada* (2 %), pulpa de remolacha seca, manzana* (1 %), semilla de lino* (1 %), aceite de salmón (preservado con antioxidantes naturales), sal gema*, fructo y manano oligosacáridos, algas marinas deshidratadas* (500 mg/kg), glucosamina (500 mg/kg), yucca shidigera, condroitín sulfato (100 mg/kg), arándanos* (100 mg/kg), tomillo* (80 mg/kg), flor de manzanilla* (80 mg/kg), hinojo* (80 mg/kg), equinácea* (80 mg/kg), té verde* (80 mg/kg). *Ingredientes naturales",https://www.ownat.com/cdnassets/ow-gf-hypo-iberian-pork-saco-front-1328x1500px-topo_l.jpg,,
OWNAT AUTHOR PATO Y POLLO FRESCO (PERRO),Ownat,pienso-perros,perro,3 kg; 10 kg,24.06€; 68.92€,,"Alimento para perros. La combinación de las carnes frescas de pato y de pollo en elevados porcentajes (60 % en total), lo hace irresistible al tiempo que supone una nutrición de la más alta calidad. Suplementado con bayas de goji, que poseen propiedades antioxidantes, así como con harpagófito, para ayudar a la respuesta inflamatoria.","Alimento para perros. La combinación de las carnes frescas de pato y de pollo en elevados porcentajes (60 % en total), lo hace irresistible al tiempo que supone una nutrición de la más alta calidad. Suplementado con bayas de goji, que poseen propiedades antioxidantes, así como con harpagófito, para ayudar a la respuesta inflamatoria.","Pato fresco* (30 % mín. antes de la extrusión), pollo fresco* (30 % mín. antes de la extrusión), batata deshidratada* (14 %), guisantes* (9 %), patata deshidratada* (9 %), pulpa de remolacha seca, aceite de salmón (preservado con antioxidantes naturales), verduras y frutas frescas antes de la extrusión (manzana* 1 %, zanahoria* 0,5 %, calabaza* 0,5 %), sal gema*, raíces de achicoria (FOS)*, productos de levaduras (MOS), algas marinas deshidratadas*, glucosamina (500 mg/kg), yucca shidigera, bayas de goji* (150 mg/kg), condroitín sulfato (100 mg/kg), raíces de harpagofito* (100 mg/kg), hinojo* (100 mg/kg). *INGREDIENTES NATURALES",https://www.ownat.com/cdnassets/Author-Fresh-Duck--Chicken_l.jpg,,
OWNAT AUTHOR CORDERO Y CERDO FRESCO  (PERRO),Ownat,pienso-perros,perro,3 kg; 10 kg,25.06€; 75.04€,,"Alimento para perros. Con una alta proporción (60 %) de carnes de cordero y cerdo, únicamente frescas, que le aportan una apetencia extraordinaria, alta digestibilidad y la mayor calidad nutricional. Contiene además jengibre, que posee propiedades digestivas y carminativas, así como harpagófito, para ayudar a la respuesta inflamatoria.","Alimento para perros. Con una alta proporción (60 %) de carnes de cordero y cerdo, únicamente frescas, que le aportan una apetencia extraordinaria, alta digestibilidad y la mayor calidad nutricional. Contiene además jengibre, que posee propiedades digestivas y carminativas, así como harpagófito, para ayudar a la respuesta inflamatoria.","Cordero fresco* (30 % mín. antes de la extrusión), cerdo fresco* (30 % mín. antes de la extrusión), arroz* (18 %), guisantes* (10 %), manteca (preservada con antioxidantes naturales), aceite de salmón (preservado con antioxidantes naturales), pulpa de remolacha seca, verduras frescas antes de la extrusión (zanahoria* 0,5 %, brócoli* 0,5 %), sal gema*, raíces de achicoria (FOS)*, productos de levaduras (MOS), algas marinas deshidratadas*, glucosamina (500 mg/kg), yucca shidigera, jengibre* (150 mg/kg), condroitín sulfato (100 mg/kg), raíces de harpagofito* (100 mg/kg). *INGREDIENTES NATURALES",https://www.ownat.com/cdnassets/Fresh-Lamb--Pork_l.jpg,,
OWNAT AUTHOR GF GALLO FRESCO (PERRO),Ownat,pienso-perros,perro,3 kg; 10 kg,22.55€; 64.24€,,"Alimento para perros. Elaborado con un 60 % de carne fresca de gallo de corral, que aporta proteínas de alto valor nutricional y una elevada energía. Reforzado con semillas de chía, que son fuente natural de ácidos grasos omega 3 y de fibra, además de con cúrcuma que posee propiedades digestivas y ayuda a la respuesta inflamatoria.","Alimento para perros. Elaborado con un 60 % de carne fresca de gallo de corral, que aporta proteínas de alto valor nutricional y una elevada energía. Reforzado con semillas de chía, que son fuente natural de ácidos grasos omega 3 y de fibra, además de con cúrcuma que posee propiedades digestivas y ayuda a la respuesta inflamatoria.","Gallo de corral fresco* (60 % mín. antes de la extrusión), patata deshidratada* (20 %), guisantes* (7 %), grasa avícola (preservada con antioxidantes naturales), aceite de salmón (preservado con antioxidantes naturales), pulpa de remolacha seca, verduras y frutas frescas antes de la extrusión (manzana* 1 %, zanahoria* 0,5 %), vaina de algarroba*, sal gema*, raíces de achicoria (FOS)*, productos de levaduras (MOS), algas marinas deshidratadas*, glucosamina (500 mg/kg), yucca shidigera, arándanos* (200 mg/kg), semillas de chía* (150 mg/kg), condroitín sulfato (100 mg/kg), cúrcuma* (100 mg/kg), hinojo* (100 mg/kg).*INGREDIENTES NATURALES",https://www.ownat.com/cdnassets/Author-Fresh-Rooster_l.jpg,,
OWNAT AUTHOR JÚNIOR POLLO FRESCO (PERRO),Ownat,pienso-perros,perro,3 kg; 10 kg,23.83€; 68.22€,,"Alimento para perros, con una receta particularmente fácil de digerir por su alto contenido de pollo (60 %), siempre fresco, así como por el jengibre. En sus primeros meses la buena digestión es clave para su desarrollo. Con un alto aporte de energía y proteínas, está indicado para cachorros desde el destete hasta el final de su crecimiento. Está complementado con bayas de goji, que son fuente natural de antioxidantes, así como con jengibre, que posee propiedades digestivas y carminativas.","Alimento para perros, con una receta particularmente fácil de digerir por su alto contenido de pollo (60 %), siempre fresco, así como por el jengibre. En sus primeros meses la buena digestión es clave para su desarrollo. Con un alto aporte de energía y proteínas, está indicado para cachorros desde el destete hasta el final de su crecimiento. Está complementado con bayas de goji, que son fuente natural de antioxidantes, así como con jengibre, que posee propiedades digestivas y carminativas.","Pollo fresco* (60 % mín. antes de la extrusión), arroz* (12 %), patata deshidratada* (8 %), maíz* (5 %), guisantes* (5 %), grasa avícola (preservada con antioxidantes naturales), aceite de salmón (preservado con antioxidantes naturales), levadura de cerveza inactivada* (1,5 %), pulpa de remolacha seca, verduras frescas antes de la extrusión (calabaza* 0,5 %), sal gema*, raíces de achicoria (FOS)*, productos de levaduras (MOS), algas marinas deshidratadas*, glucosamina (500 mg/kg), yucca shidigera, jengibre* (150 mg/kg), bayas de goji* (150 mg/kg), condroitín sulfato (100 mg/kg). *INGREDIENTES NATURALES",https://www.ownat.com/cdnassets/Junior-Fresh-Chicken_l.jpg,,
OWNAT LÍNEA HÚMEDA POLLO CON ZANAHORIAS (PERRO) 395g,Ownat,humeda-perros,perro,395 g,3.18 €,,"Alimento húmedo para perros de todas las edades y tamaños. 100% natural con una calidad y apetencia excepcionales gracias a que solo contiene carnes de verdad: sin carnes reconstituidas, sin harinas y sin huesos. Al no contener ningún tipo de cereal, son muy digestivas e imprescindibles para mascotas con alergia o intolerancia a los cereales o al gluten. Ideal para combinarlo con la comida seca.","Alimento húmedo para perros de todas las edades y tamaños. 100% natural con una calidad y apetencia excepcionales gracias a que solo contiene carnes de verdad: sin carnes reconstituidas, sin harinas y sin huesos. Al no contener ningún tipo de cereal, son muy digestivas e imprescindibles para mascotas con alergia o intolerancia a los cereales o al gluten. Ideal para combinarlo con la comida seca.","Pollo (65%), caldo (28,8%), zanahoria (5%), minerales, aceite de oliva (0,2%).",https://www.ownat.com/cdnassets/Ownat-Wetline-Chicken--Carrots_l.png,,
OWNAT LÍNEA HÚMEDA CORDERO CON PATATAS (PERRO) 395g,Ownat,humeda-perros,perro,395 g,3.18 €,,"Alimento húmedo para perros de todas las edades y tamaños. 100% natural con una calidad y apetencia excepcionales gracias a que solo contiene carnes de verdad: sin carnes reconstituidas, sin harinas y sin huesos. Al no contener ningún tipo de cereal, son muy digestivas e imprescindibles para mascotas con alergia o intolerancia a los cereales o al gluten. Ideal para combinarlo con la comida seca.","Alimento húmedo para perros de todas las edades y tamaños. 100% natural con una calidad y apetencia excepcionales gracias a que solo contiene carnes de verdad: sin carnes reconstituidas, sin harinas y sin huesos. Al no contener ningún tipo de cereal, son muy digestivas e imprescindibles para mascotas con alergia o intolerancia a los cereales o al gluten. Ideal para combinarlo con la comida seca.","Cordero (65%), caldo (28,8%), patata (5%), minerales, aceite de oliva (0,2%).",https://www.ownat.com/cdnassets/Ownat-Wetline-Lamb--Potatoes_l.png,,
OWNAT LÍNEA HÚMEDA PAVO CON CALABAZA (PERRO),Ownat,humeda-perros,perro,395 g,3.18 €,,"Alimento húmedo para perros de todas las edades y tamaños. 100% natural con una calidad y apetencia excepcionales gracias a que solo contiene carnes de verdad: sin carnes reconstituidas, sin harinas y sin huesos. Al no contener ningún tipo de cereal, son muy digestivas e imprescindibles para mascotas con alergia o intolerancia a los cereales o al gluten. Ideal para combinarlo con la comida seca.","Alimento húmedo para perros de todas las edades y tamaños. 100% natural con una calidad y apetencia excepcionales gracias a que solo contiene carnes de verdad: sin carnes reconstituidas, sin harinas y sin huesos. Al no contener ningún tipo de cereal, son muy digestivas e imprescindibles para mascotas con alergia o intolerancia a los cereales o al gluten. Ideal para combinarlo con la comida seca.","Pavo (65%), caldo (28,8%), calabaza (5%), minerales, aceite de oliva (0,2%).",https://www.ownat.com/cdnassets/Ownat-Wetline-Turkey--Pumpkin_l.png,,
OWNAT LÍNEA HÚMEDA TERNERA Y SALMÓN (PERRO) 395g,Ownat,humeda-perros,perro,395 g,3.18 €,,"Alimento húmedo para perros de todas las edades y tamaños. 100% natural con una calidad y apetencia excepcionales gracias a que solo contiene carnes de verdad: sin carnes reconstituidas, sin harinas y sin huesos. Al no contener ningún tipo de cereal, son muy digestivas e imprescindibles para mascotas con alergia o intolerancia a los cereales o al gluten. Ideal para combinarlo con la comida seca.","Alimento húmedo para perros de todas las edades y tamaños. 100% natural con una calidad y apetencia excepcionales gracias a que solo contiene carnes de verdad: sin carnes reconstituidas, sin harinas y sin huesos. Al no contener ningún tipo de cereal, son muy digestivas e imprescindibles para mascotas con alergia o intolerancia a los cereales o al gluten. Ideal para combinarlo con la comida seca.","Buey (50%), caldo (28,8%), salmón (15%), arándanos (5%), minerales, aceite de salmón (0,2%)",https://www.ownat.com/cdnassets/OWNAT_PERRO_BEEF_SALMON_l.png,,